IMATINIB	"IMATINIB"	"drug_id"	"ChemicalEntity|ChemicalMixture|Drug|Entity|MolecularMixture|NamedThing"
PLATINUM	"PLATINUM"	"drug_id"	"ChemicalEntity|ChemicalMixture|Drug|Entity|MolecularMixture|NamedThing"
CISPLATIN	"CISPLATIN"	"drug_id"	"ChemicalEntity|ChemicalMixture|Drug|Entity|MolecularMixture|NamedThing"
DIBUCAINE	"DIBUCAINE"	"drug_id"	"ChemicalEntity|ChemicalMixture|Drug|Entity|MolecularMixture|NamedThing"
NINTEDANIB	"NINTEDANIB"	"drug_id"	"ChemicalEntity|ChemicalMixture|Drug|Entity|MolecularMixture|NamedThing"
DIPIVEFRIN HYDROCHLORIDE	"DIPIVEFRIN HYDROCHLORIDE"	"drug_id"	"ChemicalEntity|ChemicalMixture|Drug|Entity|MolecularMixture|NamedThing"
MT 3724	"MT 3724"	"drug_id"	"ChemicalEntity|ChemicalMixture|Drug|Entity|MolecularMixture|NamedThing"
TAMOXIFEN	"TAMOXIFEN"	"drug_id"	"ChemicalEntity|ChemicalMixture|Drug|Entity|MolecularMixture|NamedThing"
REMOXIPRIDE	"REMOXIPRIDE"	"drug_id"	"ChemicalEntity|ChemicalMixture|Drug|Entity|MolecularMixture|NamedThing"
CENISERTIB	"CENISERTIB"	"drug_id"	"ChemicalEntity|ChemicalMixture|Drug|Entity|MolecularMixture|NamedThing"
LINIFANIB	"LINIFANIB"	"drug_id"	"ChemicalEntity|ChemicalMixture|Drug|Entity|MolecularMixture|NamedThing"
TOZASERTIB	"TOZASERTIB"	"drug_id"	"ChemicalEntity|ChemicalMixture|Drug|Entity|MolecularMixture|NamedThing"
CYC 116	"CYC 116"	"drug_id"	"ChemicalEntity|ChemicalMixture|Drug|Entity|MolecularMixture|NamedThing"
NABUMETONE	"NABUMETONE"	"drug_id"	"ChemicalEntity|ChemicalMixture|Drug|Entity|MolecularMixture|NamedThing"
ENMD 2076	"ENMD 2076"	"drug_id"	"ChemicalEntity|ChemicalMixture|Drug|Entity|MolecularMixture|NamedThing"
CNS 5161	"CNS 5161"	"drug_id"	"ChemicalEntity|ChemicalMixture|Drug|Entity|MolecularMixture|NamedThing"
LAMIVUDINE	"LAMIVUDINE"	"drug_id"	"ChemicalEntity|ChemicalMixture|Drug|Entity|MolecularMixture|NamedThing"
CLOTIAZEPAM	"CLOTIAZEPAM"	"drug_id"	"ChemicalEntity|ChemicalMixture|Drug|Entity|MolecularMixture|NamedThing"
SELUMETINIB	"SELUMETINIB"	"drug_id"	"ChemicalEntity|ChemicalMixture|Drug|Entity|MolecularMixture|NamedThing"
MITOXANTRONE	"MITOXANTRONE"	"drug_id"	"ChemicalEntity|ChemicalMixture|Drug|Entity|MolecularMixture|NamedThing"
CI 1040	"CI 1040"	"drug_id"	"ChemicalEntity|ChemicalMixture|Drug|Entity|MolecularMixture|NamedThing"
IBRUTINIB	"IBRUTINIB"	"drug_id"	"ChemicalEntity|ChemicalMixture|Drug|Entity|MolecularMixture|NamedThing"
PALBOCICLIB	"PALBOCICLIB"	"drug_id"	"ChemicalEntity|ChemicalMixture|Drug|Entity|MolecularMixture|NamedThing"
CERITINIB	"CERITINIB"	"drug_id"	"ChemicalEntity|ChemicalMixture|Drug|Entity|MolecularMixture|NamedThing"
PHENYLEPHRINE	"PHENYLEPHRINE"	"drug_id"	"ChemicalEntity|ChemicalMixture|Drug|Entity|MolecularMixture|NamedThing"
PACLITAXEL	"PACLITAXEL"	"drug_id"	"ChemicalEntity|ChemicalMixture|Drug|Entity|MolecularMixture|NamedThing"
PREGABALIN	"PREGABALIN"	"drug_id"	"ChemicalEntity|ChemicalMixture|Drug|Entity|MolecularMixture|NamedThing"
EVEROLIMUS	"EVEROLIMUS"	"drug_id"	"ChemicalEntity|ChemicalMixture|Drug|Entity|MolecularMixture|NamedThing"
NERATINIB	"NERATINIB"	"drug_id"	"ChemicalEntity|ChemicalMixture|Drug|Entity|MolecularMixture|NamedThing"
DESIPRAMINE	"DESIPRAMINE"	"drug_id"	"ChemicalEntity|ChemicalMixture|Drug|Entity|MolecularMixture|NamedThing"
SERTINDOLE	"SERTINDOLE"	"drug_id"	"ChemicalEntity|ChemicalMixture|Drug|Entity|MolecularMixture|NamedThing"
FULVESTRANT	"FULVESTRANT"	"drug_id"	"ChemicalEntity|ChemicalMixture|Drug|Entity|MolecularMixture|NamedThing"
DEXAMETHASONE	"DEXAMETHASONE"	"drug_id"	"ChemicalEntity|ChemicalMixture|Drug|Entity|MolecularMixture|NamedThing"
INSULIN	"INSULIN"	"drug_id"	"ChemicalEntity|ChemicalMixture|Drug|Entity|MolecularMixture|NamedThing"
CILENGITIDE	"CILENGITIDE"	"drug_id"	"ChemicalEntity|ChemicalMixture|Drug|Entity|MolecularMixture|NamedThing"
CYTARABINE	"CYTARABINE"	"drug_id"	"ChemicalEntity|ChemicalMixture|Drug|Entity|MolecularMixture|NamedThing"
YOHIMBINE	"YOHIMBINE"	"drug_id"	"ChemicalEntity|ChemicalMixture|Drug|Entity|MolecularMixture|NamedThing"
CHLORPROTHIXENE	"CHLORPROTHIXENE"	"drug_id"	"ChemicalEntity|ChemicalMixture|Drug|Entity|MolecularMixture|NamedThing"
AT 7519	"AT 7519"	"drug_id"	"ChemicalEntity|ChemicalMixture|Drug|Entity|MolecularMixture|NamedThing"
CARBOPLATIN	"CARBOPLATIN"	"drug_id"	"ChemicalEntity|ChemicalMixture|Drug|Entity|MolecularMixture|NamedThing"
RISPERIDONE	"RISPERIDONE"	"drug_id"	"ChemicalEntity|ChemicalMixture|Drug|Entity|MolecularMixture|NamedThing"
CARFILZOMIB	"CARFILZOMIB"	"drug_id"	"ChemicalEntity|ChemicalMixture|Drug|Entity|MolecularMixture|NamedThing"
EPTIFIBATIDE	"EPTIFIBATIDE"	"drug_id"	"ChemicalEntity|ChemicalMixture|Drug|Entity|MolecularMixture|NamedThing"
FASUDIL	"FASUDIL"	"drug_id"	"ChemicalEntity|ChemicalMixture|Drug|Entity|MolecularMixture|NamedThing"
MINAPRINE	"MINAPRINE"	"drug_id"	"ChemicalEntity|ChemicalMixture|Drug|Entity|MolecularMixture|NamedThing"
PHENOBARBITAL	"PHENOBARBITAL"	"drug_id"	"ChemicalEntity|ChemicalMixture|Drug|Entity|MolecularMixture|NamedThing"
MYCOPHENOLIC ACID	"MYCOPHENOLIC ACID"	"drug_id"	"ChemicalEntity|ChemicalMixture|Drug|Entity|MolecularMixture|NamedThing"
DOXAZOSIN	"DOXAZOSIN"	"drug_id"	"ChemicalEntity|ChemicalMixture|Drug|Entity|MolecularMixture|NamedThing"
DIAZOXIDE	"DIAZOXIDE"	"drug_id"	"ChemicalEntity|ChemicalMixture|Drug|Entity|MolecularMixture|NamedThing"
FORETINIB	"FORETINIB"	"drug_id"	"ChemicalEntity|ChemicalMixture|Drug|Entity|MolecularMixture|NamedThing"
DANAZOL	"DANAZOL"	"drug_id"	"ChemicalEntity|ChemicalMixture|Drug|Entity|MolecularMixture|NamedThing"
CEDIRANIB	"CEDIRANIB"	"drug_id"	"ChemicalEntity|ChemicalMixture|Drug|Entity|MolecularMixture|NamedThing"
BUTABARBITAL	"BUTABARBITAL"	"drug_id"	"ChemicalEntity|ChemicalMixture|Drug|Entity|MolecularMixture|NamedThing"
TRILOSTANE	"TRILOSTANE"	"drug_id"	"ChemicalEntity|ChemicalMixture|Drug|Entity|MolecularMixture|NamedThing"
PAMIDRONATE	"PAMIDRONATE"	"drug_id"	"ChemicalEntity|ChemicalMixture|Drug|Entity|MolecularMixture|NamedThing"
HEPARIN	"HEPARIN"	"drug_id"	"ChemicalEntity|ChemicalMixture|Drug|Entity|MolecularMixture|NamedThing"
FLUOROURACIL	"FLUOROURACIL"	"drug_id"	"ChemicalEntity|ChemicalMixture|Drug|Entity|MolecularMixture|NamedThing"
PAROXETINE	"PAROXETINE"	"drug_id"	"ChemicalEntity|ChemicalMixture|Drug|Entity|MolecularMixture|NamedThing"
PANOBINOSTAT	"PANOBINOSTAT"	"drug_id"	"ChemicalEntity|ChemicalMixture|Drug|Entity|MolecularMixture|NamedThing"
GEMFIBROZIL	"GEMFIBROZIL"	"drug_id"	"ChemicalEntity|ChemicalMixture|Drug|Entity|MolecularMixture|NamedThing"
METHOTREXATE	"METHOTREXATE"	"drug_id"	"ChemicalEntity|ChemicalMixture|Drug|Entity|MolecularMixture|NamedThing"
IBUPROFEN	"IBUPROFEN"	"drug_id"	"ChemicalEntity|ChemicalMixture|Drug|Entity|MolecularMixture|NamedThing"
OCTREOTIDE	"OCTREOTIDE"	"drug_id"	"ChemicalEntity|ChemicalMixture|Drug|Entity|MolecularMixture|NamedThing"
VINCRISTINE	"VINCRISTINE"	"drug_id"	"ChemicalEntity|ChemicalMixture|Drug|Entity|MolecularMixture|NamedThing"
NICOTINE	"NICOTINE"	"drug_id"	"ChemicalEntity|ChemicalMixture|Drug|Entity|MolecularMixture|NamedThing"
ABEMACICLIB	"ABEMACICLIB"	"drug_id"	"ChemicalEntity|ChemicalMixture|Drug|Entity|MolecularMixture|NamedThing"
PROPRANOLOL	"PROPRANOLOL"	"drug_id"	"ChemicalEntity|ChemicalMixture|Drug|Entity|MolecularMixture|NamedThing"
AZACITIDINE	"AZACITIDINE"	"drug_id"	"ChemicalEntity|ChemicalMixture|Drug|Entity|MolecularMixture|NamedThing"
COBIMETINIB	"COBIMETINIB"	"drug_id"	"ChemicalEntity|ChemicalMixture|Drug|Entity|MolecularMixture|NamedThing"
APOMORPHINE	"APOMORPHINE"	"drug_id"	"ChemicalEntity|ChemicalMixture|Drug|Entity|MolecularMixture|NamedThing"
BUTALBITAL	"BUTALBITAL"	"drug_id"	"ChemicalEntity|ChemicalMixture|Drug|Entity|MolecularMixture|NamedThing"
TRIAZOLAM	"TRIAZOLAM"	"drug_id"	"ChemicalEntity|ChemicalMixture|Drug|Entity|MolecularMixture|NamedThing"
LETROZOLE	"LETROZOLE"	"drug_id"	"ChemicalEntity|ChemicalMixture|Drug|Entity|MolecularMixture|NamedThing"
PEMBROLIZUMAB	"PEMBROLIZUMAB"	"drug_id"	"ChemicalEntity|ChemicalMixture|Drug|Entity|MolecularMixture|NamedThing"
BENZQUINAMIDE	"BENZQUINAMIDE"	"drug_id"	"ChemicalEntity|ChemicalMixture|Drug|Entity|MolecularMixture|NamedThing"
LY2835219	"LY2835219"	"drug_id"	"ChemicalEntity|ChemicalMixture|Drug|Entity|MolecularMixture|NamedThing"
ETANERCEPT	"ETANERCEPT"	"drug_id"	"ChemicalEntity|ChemicalMixture|Drug|Entity|MolecularMixture|NamedThing"
ETHACRYNIC ACID	"ETHACRYNIC ACID"	"drug_id"	"ChemicalEntity|ChemicalMixture|Drug|Entity|MolecularMixture|NamedThing"
ASPIRIN	"ASPIRIN"	"drug_id"	"ChemicalEntity|ChemicalMixture|Drug|Entity|MolecularMixture|NamedThing"
TRAMADOL	"TRAMADOL"	"drug_id"	"ChemicalEntity|ChemicalMixture|Drug|Entity|MolecularMixture|NamedThing"
CYCLOHEXIMIDE	"CYCLOHEXIMIDE"	"drug_id"	"ChemicalEntity|ChemicalMixture|Drug|Entity|MolecularMixture|NamedThing"
NILOTINIB	"NILOTINIB"	"drug_id"	"ChemicalEntity|ChemicalMixture|Drug|Entity|MolecularMixture|NamedThing"
PUMOSETRAG	"PUMOSETRAG"	"drug_id"	"ChemicalEntity|ChemicalMixture|Drug|Entity|MolecularMixture|NamedThing"
OLAPARIB	"OLAPARIB"	"drug_id"	"ChemicalEntity|ChemicalMixture|Drug|Entity|MolecularMixture|NamedThing"
DOXACURIUM CHLORIDE	"DOXACURIUM CHLORIDE"	"drug_id"	"ChemicalEntity|ChemicalMixture|Drug|Entity|MolecularMixture|NamedThing"
RESERPINE	"RESERPINE"	"drug_id"	"ChemicalEntity|ChemicalMixture|Drug|Entity|MolecularMixture|NamedThing"
BEZ235	"BEZ235"	"drug_id"	"ChemicalEntity|ChemicalMixture|Drug|Entity|MolecularMixture|NamedThing"
LORAZEPAM	"LORAZEPAM"	"drug_id"	"ChemicalEntity|ChemicalMixture|Drug|Entity|MolecularMixture|NamedThing"
METHOTRIMEPRAZINE	"METHOTRIMEPRAZINE"	"drug_id"	"ChemicalEntity|ChemicalMixture|Drug|Entity|MolecularMixture|NamedThing"
CLOZAPINE	"CLOZAPINE"	"drug_id"	"ChemicalEntity|ChemicalMixture|Drug|Entity|MolecularMixture|NamedThing"
SEVOFLURANE	"SEVOFLURANE"	"drug_id"	"ChemicalEntity|ChemicalMixture|Drug|Entity|MolecularMixture|NamedThing"
PENTOXIFYLLINE	"PENTOXIFYLLINE"	"drug_id"	"ChemicalEntity|ChemicalMixture|Drug|Entity|MolecularMixture|NamedThing"
CHLORDIAZEPOXIDE	"CHLORDIAZEPOXIDE"	"drug_id"	"ChemicalEntity|ChemicalMixture|Drug|Entity|MolecularMixture|NamedThing"
DIGOXIN	"DIGOXIN"	"drug_id"	"ChemicalEntity|ChemicalMixture|Drug|Entity|MolecularMixture|NamedThing"
FLURAZEPAM	"FLURAZEPAM"	"drug_id"	"ChemicalEntity|ChemicalMixture|Drug|Entity|MolecularMixture|NamedThing"
BUSULFAN	"BUSULFAN"	"drug_id"	"ChemicalEntity|ChemicalMixture|Drug|Entity|MolecularMixture|NamedThing"
PRAZEPAM	"PRAZEPAM"	"drug_id"	"ChemicalEntity|ChemicalMixture|Drug|Entity|MolecularMixture|NamedThing"
SULPIRIDE	"SULPIRIDE"	"drug_id"	"ChemicalEntity|ChemicalMixture|Drug|Entity|MolecularMixture|NamedThing"
CELECOXIB	"CELECOXIB"	"drug_id"	"ChemicalEntity|ChemicalMixture|Drug|Entity|MolecularMixture|NamedThing"
INFLIXIMAB	"INFLIXIMAB"	"drug_id"	"ChemicalEntity|ChemicalMixture|Drug|Entity|MolecularMixture|NamedThing"
CRIZOTINIB	"CRIZOTINIB"	"drug_id"	"ChemicalEntity|ChemicalMixture|Drug|Entity|MolecularMixture|NamedThing"
METHYLPHENIDATE	"METHYLPHENIDATE"	"drug_id"	"ChemicalEntity|ChemicalMixture|Drug|Entity|MolecularMixture|NamedThing"
IUPHAR.LIGAND:50	"IUPHAR.LIGAND:50"	"drug_id"	"ChemicalEntity|ChemicalMixture|Drug|Entity|MolecularMixture|NamedThing"
NAVITOCLAX	"NAVITOCLAX"	"drug_id"	"ChemicalEntity|ChemicalMixture|Drug|Entity|MolecularMixture|NamedThing"
AMITRIPTYLINE	"AMITRIPTYLINE"	"drug_id"	"ChemicalEntity|ChemicalMixture|Drug|Entity|MolecularMixture|NamedThing"
IMATINIB MESYLATE	"IMATINIB MESYLATE"	"drug_id"	"ChemicalEntity|ChemicalMixture|Drug|Entity|MolecularMixture|NamedThing"
IDARUBICIN	"IDARUBICIN"	"drug_id"	"ChemicalEntity|ChemicalMixture|Drug|Entity|MolecularMixture|NamedThing"
PD 0166285	"PD 0166285"	"drug_id"	"ChemicalEntity|ChemicalMixture|Drug|Entity|MolecularMixture|NamedThing"
ACETAZOLAMIDE	"ACETAZOLAMIDE"	"drug_id"	"ChemicalEntity|ChemicalMixture|Drug|Entity|MolecularMixture|NamedThing"
DOMPERIDONE	"DOMPERIDONE"	"drug_id"	"ChemicalEntity|ChemicalMixture|Drug|Entity|MolecularMixture|NamedThing"
VORINOSTAT	"VORINOSTAT"	"drug_id"	"ChemicalEntity|ChemicalMixture|Drug|Entity|MolecularMixture|NamedThing"
TRAMETINIB	"TRAMETINIB"	"drug_id"	"ChemicalEntity|ChemicalMixture|Drug|Entity|MolecularMixture|NamedThing"
PRAVASTATIN	"PRAVASTATIN"	"drug_id"	"ChemicalEntity|ChemicalMixture|Drug|Entity|MolecularMixture|NamedThing"
PHENYTOIN	"PHENYTOIN"	"drug_id"	"ChemicalEntity|ChemicalMixture|Drug|Entity|MolecularMixture|NamedThing"
ESZOPICLONE	"ESZOPICLONE"	"drug_id"	"ChemicalEntity|ChemicalMixture|Drug|Entity|MolecularMixture|NamedThing"
MELATONIN	"MELATONIN"	"drug_id"	"ChemicalEntity|ChemicalMixture|Drug|Entity|MolecularMixture|NamedThing"
LABETALOL	"LABETALOL"	"drug_id"	"ChemicalEntity|ChemicalMixture|Drug|Entity|MolecularMixture|NamedThing"
MERCAPTOPURINE	"MERCAPTOPURINE"	"drug_id"	"ChemicalEntity|ChemicalMixture|Drug|Entity|MolecularMixture|NamedThing"
DACTOLISIB	"DACTOLISIB"	"drug_id"	"ChemicalEntity|ChemicalMixture|Drug|Entity|MolecularMixture|NamedThing"
PKI 587	"PKI 587"	"drug_id"	"ChemicalEntity|ChemicalMixture|Drug|Entity|MolecularMixture|NamedThing"
MIDODRINE	"MIDODRINE"	"drug_id"	"ChemicalEntity|ChemicalMixture|Drug|Entity|MolecularMixture|NamedThing"
AST 487	"AST 487"	"drug_id"	"ChemicalEntity|ChemicalMixture|Drug|Entity|MolecularMixture|NamedThing"
EXEMESTANE	"EXEMESTANE"	"drug_id"	"ChemicalEntity|ChemicalMixture|Drug|Entity|MolecularMixture|NamedThing"
RUCAPARIB	"RUCAPARIB"	"drug_id"	"ChemicalEntity|ChemicalMixture|Drug|Entity|MolecularMixture|NamedThing"
IPH 2101	"IPH 2101"	"drug_id"	"ChemicalEntity|ChemicalMixture|Drug|Entity|MolecularMixture|NamedThing"
ALVOCIDIB	"ALVOCIDIB"	"drug_id"	"ChemicalEntity|ChemicalMixture|Drug|Entity|MolecularMixture|NamedThing"
ALLOPURINOL	"ALLOPURINOL"	"drug_id"	"ChemicalEntity|ChemicalMixture|Drug|Entity|MolecularMixture|NamedThing"
ENFORTUMAB VEDOTIN	"ENFORTUMAB VEDOTIN"	"drug_id"	"ChemicalEntity|ChemicalMixture|Drug|Entity|MolecularMixture|NamedThing"
TRASTUZUMAB	"TRASTUZUMAB"	"drug_id"	"ChemicalEntity|ChemicalMixture|Drug|Entity|MolecularMixture|NamedThing"
XL228	"XL228"	"drug_id"	"ChemicalEntity|ChemicalMixture|Drug|Entity|MolecularMixture|NamedThing"
PANITUMUMAB	"PANITUMUMAB"	"drug_id"	"ChemicalEntity|ChemicalMixture|Drug|Entity|MolecularMixture|NamedThing"
ZOPICLONE	"ZOPICLONE"	"drug_id"	"ChemicalEntity|ChemicalMixture|Drug|Entity|MolecularMixture|NamedThing"
CETUXIMAB	"CETUXIMAB"	"drug_id"	"ChemicalEntity|ChemicalMixture|Drug|Entity|MolecularMixture|NamedThing"
TAK 733	"TAK 733"	"drug_id"	"ChemicalEntity|ChemicalMixture|Drug|Entity|MolecularMixture|NamedThing"
ATORVASTATIN	"ATORVASTATIN"	"drug_id"	"ChemicalEntity|ChemicalMixture|Drug|Entity|MolecularMixture|NamedThing"
RGB 286638	"RGB 286638"	"drug_id"	"ChemicalEntity|ChemicalMixture|Drug|Entity|MolecularMixture|NamedThing"
NIACIN	"NIACIN"	"drug_id"	"ChemicalEntity|ChemicalMixture|Drug|Entity|MolecularMixture|NamedThing"
MGCD265	"MGCD265"	"drug_id"	"ChemicalEntity|ChemicalMixture|Drug|Entity|MolecularMixture|NamedThing"
PICTILISIB	"PICTILISIB"	"drug_id"	"ChemicalEntity|ChemicalMixture|Drug|Entity|MolecularMixture|NamedThing"
SEMAGACESTAT	"SEMAGACESTAT"	"drug_id"	"ChemicalEntity|ChemicalMixture|Drug|Entity|MolecularMixture|NamedThing"
GEFITINIB	"GEFITINIB"	"drug_id"	"ChemicalEntity|ChemicalMixture|Drug|Entity|MolecularMixture|NamedThing"
DOVITINIB	"DOVITINIB"	"drug_id"	"ChemicalEntity|ChemicalMixture|Drug|Entity|MolecularMixture|NamedThing"
TEMAZEPAM	"TEMAZEPAM"	"drug_id"	"ChemicalEntity|ChemicalMixture|Drug|Entity|MolecularMixture|NamedThing"
VEMURAFENIB	"VEMURAFENIB"	"drug_id"	"ChemicalEntity|ChemicalMixture|Drug|Entity|MolecularMixture|NamedThing"
EPINEPHRINE BITARTRATE	"EPINEPHRINE BITARTRATE"	"drug_id"	"ChemicalEntity|ChemicalMixture|Drug|Entity|MolecularMixture|NamedThing"
ETOMIDATE	"ETOMIDATE"	"drug_id"	"ChemicalEntity|ChemicalMixture|Drug|Entity|MolecularMixture|NamedThing"
TESTOSTERONE	"TESTOSTERONE"	"drug_id"	"ChemicalEntity|ChemicalMixture|Drug|Entity|MolecularMixture|NamedThing"
IMIPRAMINE	"IMIPRAMINE"	"drug_id"	"ChemicalEntity|ChemicalMixture|Drug|Entity|MolecularMixture|NamedThing"
PROBENECID	"PROBENECID"	"drug_id"	"ChemicalEntity|ChemicalMixture|Drug|Entity|MolecularMixture|NamedThing"
THALIDOMIDE	"THALIDOMIDE"	"drug_id"	"ChemicalEntity|ChemicalMixture|Drug|Entity|MolecularMixture|NamedThing"
OLANZAPINE	"OLANZAPINE"	"drug_id"	"ChemicalEntity|ChemicalMixture|Drug|Entity|MolecularMixture|NamedThing"
DABRAFENIB	"DABRAFENIB"	"drug_id"	"ChemicalEntity|ChemicalMixture|Drug|Entity|MolecularMixture|NamedThing"
CEP 1347	"CEP 1347"	"drug_id"	"ChemicalEntity|ChemicalMixture|Drug|Entity|MolecularMixture|NamedThing"
METHYLDOPA	"METHYLDOPA"	"drug_id"	"ChemicalEntity|ChemicalMixture|Drug|Entity|MolecularMixture|NamedThing"
FLUTICASONE PROPIONATE	"FLUTICASONE PROPIONATE"	"drug_id"	"ChemicalEntity|ChemicalMixture|Drug|Entity|MolecularMixture|NamedThing"
SF1126	"SF1126"	"drug_id"	"ChemicalEntity|ChemicalMixture|Drug|Entity|MolecularMixture|NamedThing"
LAPATINIB	"LAPATINIB"	"drug_id"	"ChemicalEntity|ChemicalMixture|Drug|Entity|MolecularMixture|NamedThing"
MOCETINOSTAT	"MOCETINOSTAT"	"drug_id"	"ChemicalEntity|ChemicalMixture|Drug|Entity|MolecularMixture|NamedThing"
SUNITINIB	"SUNITINIB"	"drug_id"	"ChemicalEntity|ChemicalMixture|Drug|Entity|MolecularMixture|NamedThing"
CARVEDILOL	"CARVEDILOL"	"drug_id"	"ChemicalEntity|ChemicalMixture|Drug|Entity|MolecularMixture|NamedThing"
DOXEPIN	"DOXEPIN"	"drug_id"	"ChemicalEntity|ChemicalMixture|Drug|Entity|MolecularMixture|NamedThing"
VARENICLINE	"VARENICLINE"	"drug_id"	"ChemicalEntity|ChemicalMixture|Drug|Entity|MolecularMixture|NamedThing"
ALISERTIB	"ALISERTIB"	"drug_id"	"ChemicalEntity|ChemicalMixture|Drug|Entity|MolecularMixture|NamedThing"
TRIAMTERENE	"TRIAMTERENE"	"drug_id"	"ChemicalEntity|ChemicalMixture|Drug|Entity|MolecularMixture|NamedThing"
MAPROTILINE	"MAPROTILINE"	"drug_id"	"ChemicalEntity|ChemicalMixture|Drug|Entity|MolecularMixture|NamedThing"
VANDETANIB	"VANDETANIB"	"drug_id"	"ChemicalEntity|ChemicalMixture|Drug|Entity|MolecularMixture|NamedThing"
VELIPARIB	"VELIPARIB"	"drug_id"	"ChemicalEntity|ChemicalMixture|Drug|Entity|MolecularMixture|NamedThing"
DASATINIB	"DASATINIB"	"drug_id"	"ChemicalEntity|ChemicalMixture|Drug|Entity|MolecularMixture|NamedThing"
LUCITANIB	"LUCITANIB"	"drug_id"	"ChemicalEntity|ChemicalMixture|Drug|Entity|MolecularMixture|NamedThing"
RUXOLITINIB	"RUXOLITINIB"	"drug_id"	"ChemicalEntity|ChemicalMixture|Drug|Entity|MolecularMixture|NamedThing"
DOCETAXEL	"DOCETAXEL"	"drug_id"	"ChemicalEntity|ChemicalMixture|Drug|Entity|MolecularMixture|NamedThing"
MESALAMINE	"MESALAMINE"	"drug_id"	"ChemicalEntity|ChemicalMixture|Drug|Entity|MolecularMixture|NamedThing"
PERPHENAZINE	"PERPHENAZINE"	"drug_id"	"ChemicalEntity|ChemicalMixture|Drug|Entity|MolecularMixture|NamedThing"
TRASTUZUMAB EMTANSINE	"TRASTUZUMAB EMTANSINE"	"drug_id"	"ChemicalEntity|ChemicalMixture|Drug|Entity|MolecularMixture|NamedThing"
CABAZITAXEL	"CABAZITAXEL"	"drug_id"	"ChemicalEntity|ChemicalMixture|Drug|Entity|MolecularMixture|NamedThing"
FELBAMATE	"FELBAMATE"	"drug_id"	"ChemicalEntity|ChemicalMixture|Drug|Entity|MolecularMixture|NamedThing"
NIMODIPINE	"NIMODIPINE"	"drug_id"	"ChemicalEntity|ChemicalMixture|Drug|Entity|MolecularMixture|NamedThing"
CLOMIPRAMINE	"CLOMIPRAMINE"	"drug_id"	"ChemicalEntity|ChemicalMixture|Drug|Entity|MolecularMixture|NamedThing"
ALPRAZOLAM	"ALPRAZOLAM"	"drug_id"	"ChemicalEntity|ChemicalMixture|Drug|Entity|MolecularMixture|NamedThing"
ISOFLURANE	"ISOFLURANE"	"drug_id"	"ChemicalEntity|ChemicalMixture|Drug|Entity|MolecularMixture|NamedThing"
PAZOPANIB	"PAZOPANIB"	"drug_id"	"ChemicalEntity|ChemicalMixture|Drug|Entity|MolecularMixture|NamedThing"
AXITINIB	"AXITINIB"	"drug_id"	"ChemicalEntity|ChemicalMixture|Drug|Entity|MolecularMixture|NamedThing"
ZONISAMIDE	"ZONISAMIDE"	"drug_id"	"ChemicalEntity|ChemicalMixture|Drug|Entity|MolecularMixture|NamedThing"
DS 7423	"DS 7423"	"drug_id"	"ChemicalEntity|ChemicalMixture|Drug|Entity|MolecularMixture|NamedThing"
RG 1530	"RG 1530"	"drug_id"	"ChemicalEntity|ChemicalMixture|Drug|Entity|MolecularMixture|NamedThing"
UCN 01	"UCN 01"	"drug_id"	"ChemicalEntity|ChemicalMixture|Drug|Entity|MolecularMixture|NamedThing"
VATALANIB	"VATALANIB"	"drug_id"	"ChemicalEntity|ChemicalMixture|Drug|Entity|MolecularMixture|NamedThing"
MARIMASTAT	"MARIMASTAT"	"drug_id"	"ChemicalEntity|ChemicalMixture|Drug|Entity|MolecularMixture|NamedThing"
AMISULPRIDE	"AMISULPRIDE"	"drug_id"	"ChemicalEntity|ChemicalMixture|Drug|Entity|MolecularMixture|NamedThing"
PERTUZUMAB	"PERTUZUMAB"	"drug_id"	"ChemicalEntity|ChemicalMixture|Drug|Entity|MolecularMixture|NamedThing"
ANASTROZOLE	"ANASTROZOLE"	"drug_id"	"ChemicalEntity|ChemicalMixture|Drug|Entity|MolecularMixture|NamedThing"
BYL719	"BYL719"	"drug_id"	"ChemicalEntity|ChemicalMixture|Drug|Entity|MolecularMixture|NamedThing"
MK2206	"MK2206"	"drug_id"	"ChemicalEntity|ChemicalMixture|Drug|Entity|MolecularMixture|NamedThing"
PF 04691502	"PF 04691502"	"drug_id"	"ChemicalEntity|ChemicalMixture|Drug|Entity|MolecularMixture|NamedThing"
SORAFENIB	"SORAFENIB"	"drug_id"	"ChemicalEntity|ChemicalMixture|Drug|Entity|MolecularMixture|NamedThing"
AFATINIB	"AFATINIB"	"drug_id"	"ChemicalEntity|ChemicalMixture|Drug|Entity|MolecularMixture|NamedThing"
NEVIRAPINE	"NEVIRAPINE"	"drug_id"	"ChemicalEntity|ChemicalMixture|Drug|Entity|MolecularMixture|NamedThing"
RILUZOLE	"RILUZOLE"	"drug_id"	"ChemicalEntity|ChemicalMixture|Drug|Entity|MolecularMixture|NamedThing"
NICARDIPINE	"NICARDIPINE"	"drug_id"	"ChemicalEntity|ChemicalMixture|Drug|Entity|MolecularMixture|NamedThing"
CHLORPROMAZINE	"CHLORPROMAZINE"	"drug_id"	"ChemicalEntity|ChemicalMixture|Drug|Entity|MolecularMixture|NamedThing"
INDOMETHACIN	"INDOMETHACIN"	"drug_id"	"ChemicalEntity|ChemicalMixture|Drug|Entity|MolecularMixture|NamedThing"
DECITABINE	"DECITABINE"	"drug_id"	"ChemicalEntity|ChemicalMixture|Drug|Entity|MolecularMixture|NamedThing"
DICUMAROL	"DICUMAROL"	"drug_id"	"ChemicalEntity|ChemicalMixture|Drug|Entity|MolecularMixture|NamedThing"
TANDUTINIB	"TANDUTINIB"	"drug_id"	"ChemicalEntity|ChemicalMixture|Drug|Entity|MolecularMixture|NamedThing"
CARMUSTINE	"CARMUSTINE"	"drug_id"	"ChemicalEntity|ChemicalMixture|Drug|Entity|MolecularMixture|NamedThing"
NILUTAMIDE	"NILUTAMIDE"	"drug_id"	"ChemicalEntity|ChemicalMixture|Drug|Entity|MolecularMixture|NamedThing"
DIAZEPAM	"DIAZEPAM"	"drug_id"	"ChemicalEntity|ChemicalMixture|Drug|Entity|MolecularMixture|NamedThing"
AZD 1152 HQPA	"AZD 1152 HQPA"	"drug_id"	"ChemicalEntity|ChemicalMixture|Drug|Entity|MolecularMixture|NamedThing"
COLCHICINE	"COLCHICINE"	"drug_id"	"ChemicalEntity|ChemicalMixture|Drug|Entity|MolecularMixture|NamedThing"
DOXORUBICIN	"DOXORUBICIN"	"drug_id"	"ChemicalEntity|ChemicalMixture|Drug|Entity|MolecularMixture|NamedThing"
AMPHOTERICIN B	"AMPHOTERICIN B"	"drug_id"	"ChemicalEntity|ChemicalMixture|Drug|Entity|MolecularMixture|NamedThing"
CYPROTERONE ACETATE	"CYPROTERONE ACETATE"	"drug_id"	"ChemicalEntity|ChemicalMixture|Drug|Entity|MolecularMixture|NamedThing"
NAPROXEN	"NAPROXEN"	"drug_id"	"ChemicalEntity|ChemicalMixture|Drug|Entity|MolecularMixture|NamedThing"
RIMONABANT	"RIMONABANT"	"drug_id"	"ChemicalEntity|ChemicalMixture|Drug|Entity|MolecularMixture|NamedThing"
AZD 1080	"AZD 1080"	"drug_id"	"ChemicalEntity|ChemicalMixture|Drug|Entity|MolecularMixture|NamedThing"
SIMVASTATIN	"SIMVASTATIN"	"drug_id"	"ChemicalEntity|ChemicalMixture|Drug|Entity|MolecularMixture|NamedThing"
DIENESTROL	"DIENESTROL"	"drug_id"	"ChemicalEntity|ChemicalMixture|Drug|Entity|MolecularMixture|NamedThing"
FLUSPIRILENE	"FLUSPIRILENE"	"drug_id"	"ChemicalEntity|ChemicalMixture|Drug|Entity|MolecularMixture|NamedThing"
PHENELZINE	"PHENELZINE"	"drug_id"	"ChemicalEntity|ChemicalMixture|Drug|Entity|MolecularMixture|NamedThing"
CINNARIZINE	"CINNARIZINE"	"drug_id"	"ChemicalEntity|ChemicalMixture|Drug|Entity|MolecularMixture|NamedThing"
BARDOXOLONE METHYL	"BARDOXOLONE METHYL"	"drug_id"	"ChemicalEntity|ChemicalMixture|Drug|Entity|MolecularMixture|NamedThing"
DIGITOXIN	"DIGITOXIN"	"drug_id"	"ChemicalEntity|ChemicalMixture|Drug|Entity|MolecularMixture|NamedThing"
FENRETINIDE	"FENRETINIDE"	"drug_id"	"ChemicalEntity|ChemicalMixture|Drug|Entity|MolecularMixture|NamedThing"
MK 2206	"MK 2206"	"drug_id"	"ChemicalEntity|ChemicalMixture|Drug|Entity|MolecularMixture|NamedThing"
PHENYLBUTAZONE	"PHENYLBUTAZONE"	"drug_id"	"ChemicalEntity|ChemicalMixture|Drug|Entity|MolecularMixture|NamedThing"
IPATASERTIB	"IPATASERTIB"	"drug_id"	"ChemicalEntity|ChemicalMixture|Drug|Entity|MolecularMixture|NamedThing"
AZD1480	"AZD1480"	"drug_id"	"ChemicalEntity|ChemicalMixture|Drug|Entity|MolecularMixture|NamedThing"
AS703569	"AS703569"	"drug_id"	"ChemicalEntity|ChemicalMixture|Drug|Entity|MolecularMixture|NamedThing"
CABOZANTINIB	"CABOZANTINIB"	"drug_id"	"ChemicalEntity|ChemicalMixture|Drug|Entity|MolecularMixture|NamedThing"
REGORAFENIB	"REGORAFENIB"	"drug_id"	"ChemicalEntity|ChemicalMixture|Drug|Entity|MolecularMixture|NamedThing"
X 82	"X 82"	"drug_id"	"ChemicalEntity|ChemicalMixture|Drug|Entity|MolecularMixture|NamedThing"
SORAFENIB TOSYLATE	"SORAFENIB TOSYLATE"	"drug_id"	"ChemicalEntity|ChemicalMixture|Drug|Entity|MolecularMixture|NamedThing"
AZD4547	"AZD4547"	"drug_id"	"ChemicalEntity|ChemicalMixture|Drug|Entity|MolecularMixture|NamedThing"
DINACICLIB	"DINACICLIB"	"drug_id"	"ChemicalEntity|ChemicalMixture|Drug|Entity|MolecularMixture|NamedThing"
DABRAFENIB MESYLATE	"DABRAFENIB MESYLATE"	"drug_id"	"ChemicalEntity|ChemicalMixture|Drug|Entity|MolecularMixture|NamedThing"
NIFEDIPINE	"NIFEDIPINE"	"drug_id"	"ChemicalEntity|ChemicalMixture|Drug|Entity|MolecularMixture|NamedThing"
DIETHYLSTILBESTROL	"DIETHYLSTILBESTROL"	"drug_id"	"ChemicalEntity|ChemicalMixture|Drug|Entity|MolecularMixture|NamedThing"
PILOCARPINE	"PILOCARPINE"	"drug_id"	"ChemicalEntity|ChemicalMixture|Drug|Entity|MolecularMixture|NamedThing"
OXYCODONE	"OXYCODONE"	"drug_id"	"ChemicalEntity|ChemicalMixture|Drug|Entity|MolecularMixture|NamedThing"
ATROPINE	"ATROPINE"	"drug_id"	"ChemicalEntity|ChemicalMixture|Drug|Entity|MolecularMixture|NamedThing"
IXABEPILONE	"IXABEPILONE"	"drug_id"	"ChemicalEntity|ChemicalMixture|Drug|Entity|MolecularMixture|NamedThing"
VENETOCLAX	"VENETOCLAX"	"drug_id"	"ChemicalEntity|ChemicalMixture|Drug|Entity|MolecularMixture|NamedThing"
CAPECITABINE	"CAPECITABINE"	"drug_id"	"ChemicalEntity|ChemicalMixture|Drug|Entity|MolecularMixture|NamedThing"
PROPOFOL	"PROPOFOL"	"drug_id"	"ChemicalEntity|ChemicalMixture|Drug|Entity|MolecularMixture|NamedThing"
AMPHETAMINE	"AMPHETAMINE"	"drug_id"	"ChemicalEntity|ChemicalMixture|Drug|Entity|MolecularMixture|NamedThing"
GANAXOLONE	"GANAXOLONE"	"drug_id"	"ChemicalEntity|ChemicalMixture|Drug|Entity|MolecularMixture|NamedThing"
ROFECOXIB	"ROFECOXIB"	"drug_id"	"ChemicalEntity|ChemicalMixture|Drug|Entity|MolecularMixture|NamedThing"
BECLOMETHASONE DIPROPIONATE	"BECLOMETHASONE DIPROPIONATE"	"drug_id"	"ChemicalEntity|ChemicalMixture|Drug|Entity|MolecularMixture|NamedThing"
MEGESTROL ACETATE	"MEGESTROL ACETATE"	"drug_id"	"ChemicalEntity|ChemicalMixture|Drug|Entity|MolecularMixture|NamedThing"
THEOPHYLLINE	"THEOPHYLLINE"	"drug_id"	"ChemicalEntity|ChemicalMixture|Drug|Entity|MolecularMixture|NamedThing"
LEFLUNOMIDE	"LEFLUNOMIDE"	"drug_id"	"ChemicalEntity|ChemicalMixture|Drug|Entity|MolecularMixture|NamedThing"
IRINOTECAN	"IRINOTECAN"	"drug_id"	"ChemicalEntity|ChemicalMixture|Drug|Entity|MolecularMixture|NamedThing"
ASTEMIZOLE	"ASTEMIZOLE"	"drug_id"	"ChemicalEntity|ChemicalMixture|Drug|Entity|MolecularMixture|NamedThing"
RANITIDINE	"RANITIDINE"	"drug_id"	"ChemicalEntity|ChemicalMixture|Drug|Entity|MolecularMixture|NamedThing"
TOREMIFENE	"TOREMIFENE"	"drug_id"	"ChemicalEntity|ChemicalMixture|Drug|Entity|MolecularMixture|NamedThing"
OSIMERTINIB	"OSIMERTINIB"	"drug_id"	"ChemicalEntity|ChemicalMixture|Drug|Entity|MolecularMixture|NamedThing"
BGJ398	"BGJ398"	"drug_id"	"ChemicalEntity|ChemicalMixture|Drug|Entity|MolecularMixture|NamedThing"
IPILIMUMAB	"IPILIMUMAB"	"drug_id"	"ChemicalEntity|ChemicalMixture|Drug|Entity|MolecularMixture|NamedThing"
DICLOFENAC	"DICLOFENAC"	"drug_id"	"ChemicalEntity|ChemicalMixture|Drug|Entity|MolecularMixture|NamedThing"
MORPHINE	"MORPHINE"	"drug_id"	"ChemicalEntity|ChemicalMixture|Drug|Entity|MolecularMixture|NamedThing"
IUPHAR.LIGAND:52	"IUPHAR.LIGAND:52"	"drug_id"	"ChemicalEntity|ChemicalMixture|Drug|Entity|MolecularMixture|NamedThing"
RITUXIMAB	"RITUXIMAB"	"drug_id"	"ChemicalEntity|ChemicalMixture|Drug|Entity|MolecularMixture|NamedThing"
NORTRIPTYLINE	"NORTRIPTYLINE"	"drug_id"	"ChemicalEntity|ChemicalMixture|Drug|Entity|MolecularMixture|NamedThing"
NOREPINEPHRINE	"NOREPINEPHRINE"	"drug_id"	"ChemicalEntity|ChemicalMixture|Drug|Entity|MolecularMixture|NamedThing"
FELODIPINE	"FELODIPINE"	"drug_id"	"ChemicalEntity|ChemicalMixture|Drug|Entity|MolecularMixture|NamedThing"
NIVOLUMAB	"NIVOLUMAB"	"drug_id"	"ChemicalEntity|ChemicalMixture|Drug|Entity|MolecularMixture|NamedThing"
USTEKINUMAB	"USTEKINUMAB"	"drug_id"	"ChemicalEntity|ChemicalMixture|Drug|Entity|MolecularMixture|NamedThing"
N DESMETHYLCLOZAPINE	"N DESMETHYLCLOZAPINE"	"drug_id"	"ChemicalEntity|ChemicalMixture|Drug|Entity|MolecularMixture|NamedThing"
GABAPENTIN	"GABAPENTIN"	"drug_id"	"ChemicalEntity|ChemicalMixture|Drug|Entity|MolecularMixture|NamedThing"
LAMOTRIGINE	"LAMOTRIGINE"	"drug_id"	"ChemicalEntity|ChemicalMixture|Drug|Entity|MolecularMixture|NamedThing"
TICLOPIDINE	"TICLOPIDINE"	"drug_id"	"ChemicalEntity|ChemicalMixture|Drug|Entity|MolecularMixture|NamedThing"
SPIRONOLACTONE	"SPIRONOLACTONE"	"drug_id"	"ChemicalEntity|ChemicalMixture|Drug|Entity|MolecularMixture|NamedThing"
ETOPOSIDE	"ETOPOSIDE"	"drug_id"	"ChemicalEntity|ChemicalMixture|Drug|Entity|MolecularMixture|NamedThing"
ONDANSETRON	"ONDANSETRON"	"drug_id"	"ChemicalEntity|ChemicalMixture|Drug|Entity|MolecularMixture|NamedThing"
CUDC 101	"CUDC 101"	"drug_id"	"ChemicalEntity|ChemicalMixture|Drug|Entity|MolecularMixture|NamedThing"
VALPROIC ACID	"VALPROIC ACID"	"drug_id"	"ChemicalEntity|ChemicalMixture|Drug|Entity|MolecularMixture|NamedThing"
BELINOSTAT	"BELINOSTAT"	"drug_id"	"ChemicalEntity|ChemicalMixture|Drug|Entity|MolecularMixture|NamedThing"
METHYSERGIDE MALEATE	"METHYSERGIDE MALEATE"	"drug_id"	"ChemicalEntity|ChemicalMixture|Drug|Entity|MolecularMixture|NamedThing"
ALPROSTADIL	"ALPROSTADIL"	"drug_id"	"ChemicalEntity|ChemicalMixture|Drug|Entity|MolecularMixture|NamedThing"
CLEVIDIPINE	"CLEVIDIPINE"	"drug_id"	"ChemicalEntity|ChemicalMixture|Drug|Entity|MolecularMixture|NamedThing"
PI 88	"PI 88"	"drug_id"	"ChemicalEntity|ChemicalMixture|Drug|Entity|MolecularMixture|NamedThing"
BOSUTINIB	"BOSUTINIB"	"drug_id"	"ChemicalEntity|ChemicalMixture|Drug|Entity|MolecularMixture|NamedThing"
SAFINAMIDE	"SAFINAMIDE"	"drug_id"	"ChemicalEntity|ChemicalMixture|Drug|Entity|MolecularMixture|NamedThing"
ESTAZOLAM	"ESTAZOLAM"	"drug_id"	"ChemicalEntity|ChemicalMixture|Drug|Entity|MolecularMixture|NamedThing"
FUROSEMIDE	"FUROSEMIDE"	"drug_id"	"ChemicalEntity|ChemicalMixture|Drug|Entity|MolecularMixture|NamedThing"
HYDROXYUREA	"HYDROXYUREA"	"drug_id"	"ChemicalEntity|ChemicalMixture|Drug|Entity|MolecularMixture|NamedThing"
LIOTHYRONINE	"LIOTHYRONINE"	"drug_id"	"ChemicalEntity|ChemicalMixture|Drug|Entity|MolecularMixture|NamedThing"
METHYSERGIDE	"METHYSERGIDE"	"drug_id"	"ChemicalEntity|ChemicalMixture|Drug|Entity|MolecularMixture|NamedThing"
THIETHYLPERAZINE	"THIETHYLPERAZINE"	"drug_id"	"ChemicalEntity|ChemicalMixture|Drug|Entity|MolecularMixture|NamedThing"
CIMETIDINE	"CIMETIDINE"	"drug_id"	"ChemicalEntity|ChemicalMixture|Drug|Entity|MolecularMixture|NamedThing"
CINOLAZEPAM	"CINOLAZEPAM"	"drug_id"	"ChemicalEntity|ChemicalMixture|Drug|Entity|MolecularMixture|NamedThing"
DINOPROSTONE	"DINOPROSTONE"	"drug_id"	"ChemicalEntity|ChemicalMixture|Drug|Entity|MolecularMixture|NamedThing"
PERGOLIDE MESYLATE	"PERGOLIDE MESYLATE"	"drug_id"	"ChemicalEntity|ChemicalMixture|Drug|Entity|MolecularMixture|NamedThing"
NITRAZEPAM	"NITRAZEPAM"	"drug_id"	"ChemicalEntity|ChemicalMixture|Drug|Entity|MolecularMixture|NamedThing"
PROCHLORPERAZINE	"PROCHLORPERAZINE"	"drug_id"	"ChemicalEntity|ChemicalMixture|Drug|Entity|MolecularMixture|NamedThing"
SUMATRIPTAN	"SUMATRIPTAN"	"drug_id"	"ChemicalEntity|ChemicalMixture|Drug|Entity|MolecularMixture|NamedThing"
DYPHYLLINE	"DYPHYLLINE"	"drug_id"	"ChemicalEntity|ChemicalMixture|Drug|Entity|MolecularMixture|NamedThing"
DENILEUKIN DIFTITOX	"DENILEUKIN DIFTITOX"	"drug_id"	"ChemicalEntity|ChemicalMixture|Drug|Entity|MolecularMixture|NamedThing"
OXCARBAZEPINE	"OXCARBAZEPINE"	"drug_id"	"ChemicalEntity|ChemicalMixture|Drug|Entity|MolecularMixture|NamedThing"
KENPAULLONE	"KENPAULLONE"	"drug_id"	"ChemicalEntity|ChemicalMixture|Drug|Entity|MolecularMixture|NamedThing"
BMS 582949	"BMS 582949"	"drug_id"	"ChemicalEntity|ChemicalMixture|Drug|Entity|MolecularMixture|NamedThing"
LUSUTROMBOPAG	"LUSUTROMBOPAG"	"drug_id"	"ChemicalEntity|ChemicalMixture|Drug|Entity|MolecularMixture|NamedThing"
TEZAMPANEL	"TEZAMPANEL"	"drug_id"	"ChemicalEntity|ChemicalMixture|Drug|Entity|MolecularMixture|NamedThing"
TANESPIMYCIN	"TANESPIMYCIN"	"drug_id"	"ChemicalEntity|ChemicalMixture|Drug|Entity|MolecularMixture|NamedThing"
SNS 314	"SNS 314"	"drug_id"	"ChemicalEntity|ChemicalMixture|Drug|Entity|MolecularMixture|NamedThing"
ENTRECTINIB	"ENTRECTINIB"	"drug_id"	"ChemicalEntity|ChemicalMixture|Drug|Entity|MolecularMixture|NamedThing"
IUPHAR.LIGAND:1052	"IUPHAR.LIGAND:1052"	"drug_id"	"ChemicalEntity|ChemicalMixture|Drug|Entity|MolecularMixture|NamedThing"
INFIGRATINIB	"INFIGRATINIB"	"drug_id"	"ChemicalEntity|ChemicalMixture|Drug|Entity|MolecularMixture|NamedThing"
PD173074	"PD173074"	"drug_id"	"ChemicalEntity|ChemicalMixture|Drug|Entity|MolecularMixture|NamedThing"
DURVALUMAB	"DURVALUMAB"	"drug_id"	"ChemicalEntity|ChemicalMixture|Drug|Entity|MolecularMixture|NamedThing"
ALPELISIB	"ALPELISIB"	"drug_id"	"ChemicalEntity|ChemicalMixture|Drug|Entity|MolecularMixture|NamedThing"
ASG 5ME	"ASG 5ME"	"drug_id"	"ChemicalEntity|ChemicalMixture|Drug|Entity|MolecularMixture|NamedThing"
CRENOLANIB	"CRENOLANIB"	"drug_id"	"ChemicalEntity|ChemicalMixture|Drug|Entity|MolecularMixture|NamedThing"
MIDOSTAURIN	"MIDOSTAURIN"	"drug_id"	"ChemicalEntity|ChemicalMixture|Drug|Entity|MolecularMixture|NamedThing"
SULTHIAME	"SULTHIAME"	"drug_id"	"ChemicalEntity|ChemicalMixture|Drug|Entity|MolecularMixture|NamedThing"
RIBOCICLIB	"RIBOCICLIB"	"drug_id"	"ChemicalEntity|ChemicalMixture|Drug|Entity|MolecularMixture|NamedThing"
TOPOTECAN	"TOPOTECAN"	"drug_id"	"ChemicalEntity|ChemicalMixture|Drug|Entity|MolecularMixture|NamedThing"
QUETIAPINE	"QUETIAPINE"	"drug_id"	"ChemicalEntity|ChemicalMixture|Drug|Entity|MolecularMixture|NamedThing"
MOSAPRIDE	"MOSAPRIDE"	"drug_id"	"ChemicalEntity|ChemicalMixture|Drug|Entity|MolecularMixture|NamedThing"
QUIZARTINIB	"QUIZARTINIB"	"drug_id"	"ChemicalEntity|ChemicalMixture|Drug|Entity|MolecularMixture|NamedThing"
ZSTK474	"ZSTK474"	"drug_id"	"ChemicalEntity|ChemicalMixture|Drug|Entity|MolecularMixture|NamedThing"
TRETINOIN	"TRETINOIN"	"drug_id"	"ChemicalEntity|ChemicalMixture|Drug|Entity|MolecularMixture|NamedThing"
GSK2126458	"GSK2126458"	"drug_id"	"ChemicalEntity|ChemicalMixture|Drug|Entity|MolecularMixture|NamedThing"
BUTORPHANOL	"BUTORPHANOL"	"drug_id"	"ChemicalEntity|ChemicalMixture|Drug|Entity|MolecularMixture|NamedThing"
FLUMAZENIL	"FLUMAZENIL"	"drug_id"	"ChemicalEntity|ChemicalMixture|Drug|Entity|MolecularMixture|NamedThing"
ENZALUTAMIDE	"ENZALUTAMIDE"	"drug_id"	"ChemicalEntity|ChemicalMixture|Drug|Entity|MolecularMixture|NamedThing"
TESTOSTERONE PROPIONATE	"TESTOSTERONE PROPIONATE"	"drug_id"	"ChemicalEntity|ChemicalMixture|Drug|Entity|MolecularMixture|NamedThing"
BRIVANIB	"BRIVANIB"	"drug_id"	"ChemicalEntity|ChemicalMixture|Drug|Entity|MolecularMixture|NamedThing"
CARBAMAZEPINE	"CARBAMAZEPINE"	"drug_id"	"ChemicalEntity|ChemicalMixture|Drug|Entity|MolecularMixture|NamedThing"
METHYLPREDNISOLONE	"METHYLPREDNISOLONE"	"drug_id"	"ChemicalEntity|ChemicalMixture|Drug|Entity|MolecularMixture|NamedThing"
PIOGLITAZONE	"PIOGLITAZONE"	"drug_id"	"ChemicalEntity|ChemicalMixture|Drug|Entity|MolecularMixture|NamedThing"
PODOFILOX	"PODOFILOX"	"drug_id"	"ChemicalEntity|ChemicalMixture|Drug|Entity|MolecularMixture|NamedThing"
QUINIDINE	"QUINIDINE"	"drug_id"	"ChemicalEntity|ChemicalMixture|Drug|Entity|MolecularMixture|NamedThing"
ALITRETINOIN	"ALITRETINOIN"	"drug_id"	"ChemicalEntity|ChemicalMixture|Drug|Entity|MolecularMixture|NamedThing"
HARMINE	"HARMINE"	"drug_id"	"ChemicalEntity|ChemicalMixture|Drug|Entity|MolecularMixture|NamedThing"
PF 562271	"PF 562271"	"drug_id"	"ChemicalEntity|ChemicalMixture|Drug|Entity|MolecularMixture|NamedThing"
AMG900	"AMG900"	"drug_id"	"ChemicalEntity|ChemicalMixture|Drug|Entity|MolecularMixture|NamedThing"
ILOPERIDONE	"ILOPERIDONE"	"drug_id"	"ChemicalEntity|ChemicalMixture|Drug|Entity|MolecularMixture|NamedThing"
CHLOROTHIAZIDE	"CHLOROTHIAZIDE"	"drug_id"	"ChemicalEntity|ChemicalMixture|Drug|Entity|MolecularMixture|NamedThing"
FINASTERIDE	"FINASTERIDE"	"drug_id"	"ChemicalEntity|ChemicalMixture|Drug|Entity|MolecularMixture|NamedThing"
LEVODOPA	"LEVODOPA"	"drug_id"	"ChemicalEntity|ChemicalMixture|Drug|Entity|MolecularMixture|NamedThing"
ZUCAPSAICIN	"ZUCAPSAICIN"	"drug_id"	"ChemicalEntity|ChemicalMixture|Drug|Entity|MolecularMixture|NamedThing"
CAMPTOTHECIN	"CAMPTOTHECIN"	"drug_id"	"ChemicalEntity|ChemicalMixture|Drug|Entity|MolecularMixture|NamedThing"
GEMCITABINE	"GEMCITABINE"	"drug_id"	"ChemicalEntity|ChemicalMixture|Drug|Entity|MolecularMixture|NamedThing"
ATEZOLIZUMAB	"ATEZOLIZUMAB"	"drug_id"	"ChemicalEntity|ChemicalMixture|Drug|Entity|MolecularMixture|NamedThing"
TEMOZOLOMIDE	"TEMOZOLOMIDE"	"drug_id"	"ChemicalEntity|ChemicalMixture|Drug|Entity|MolecularMixture|NamedThing"
BORTEZOMIB	"BORTEZOMIB"	"drug_id"	"ChemicalEntity|ChemicalMixture|Drug|Entity|MolecularMixture|NamedThing"
ETHOXZOLAMIDE	"ETHOXZOLAMIDE"	"drug_id"	"ChemicalEntity|ChemicalMixture|Drug|Entity|MolecularMixture|NamedThing"
NIRAPARIB	"NIRAPARIB"	"drug_id"	"ChemicalEntity|ChemicalMixture|Drug|Entity|MolecularMixture|NamedThing"
IUPHAR.LIGAND:2644	"IUPHAR.LIGAND:2644"	"drug_id"	"ChemicalEntity|ChemicalMixture|Drug|Entity|MolecularMixture|NamedThing"
XL820	"XL820"	"drug_id"	"ChemicalEntity|ChemicalMixture|Drug|Entity|MolecularMixture|NamedThing"
FLUNISOLIDE	"FLUNISOLIDE"	"drug_id"	"ChemicalEntity|ChemicalMixture|Drug|Entity|MolecularMixture|NamedThing"
ALECTINIB	"ALECTINIB"	"drug_id"	"ChemicalEntity|ChemicalMixture|Drug|Entity|MolecularMixture|NamedThing"
METHIMAZOLE	"METHIMAZOLE"	"drug_id"	"ChemicalEntity|ChemicalMixture|Drug|Entity|MolecularMixture|NamedThing"
MIRTAZAPINE	"MIRTAZAPINE"	"drug_id"	"ChemicalEntity|ChemicalMixture|Drug|Entity|MolecularMixture|NamedThing"
NITROGLYCERIN	"NITROGLYCERIN"	"drug_id"	"ChemicalEntity|ChemicalMixture|Drug|Entity|MolecularMixture|NamedThing"
ISOSORBIDE DINITRATE	"ISOSORBIDE DINITRATE"	"drug_id"	"ChemicalEntity|ChemicalMixture|Drug|Entity|MolecularMixture|NamedThing"
ZAFIRLUKAST	"ZAFIRLUKAST"	"drug_id"	"ChemicalEntity|ChemicalMixture|Drug|Entity|MolecularMixture|NamedThing"
PF 06651600	"PF 06651600"	"drug_id"	"ChemicalEntity|ChemicalMixture|Drug|Entity|MolecularMixture|NamedThing"
METFORMIN HYDROCHLORIDE	"METFORMIN HYDROCHLORIDE"	"drug_id"	"ChemicalEntity|ChemicalMixture|Drug|Entity|MolecularMixture|NamedThing"
TRAZODONE	"TRAZODONE"	"drug_id"	"ChemicalEntity|ChemicalMixture|Drug|Entity|MolecularMixture|NamedThing"
HALOPERIDOL	"HALOPERIDOL"	"drug_id"	"ChemicalEntity|ChemicalMixture|Drug|Entity|MolecularMixture|NamedThing"
ISOTRETINOIN	"ISOTRETINOIN"	"drug_id"	"ChemicalEntity|ChemicalMixture|Drug|Entity|MolecularMixture|NamedThing"
TAMOXIFEN CITRATE	"TAMOXIFEN CITRATE"	"drug_id"	"ChemicalEntity|ChemicalMixture|Drug|Entity|MolecularMixture|NamedThing"
PREDNISOLONE	"PREDNISOLONE"	"drug_id"	"ChemicalEntity|ChemicalMixture|Drug|Entity|MolecularMixture|NamedThing"
LORATADINE	"LORATADINE"	"drug_id"	"ChemicalEntity|ChemicalMixture|Drug|Entity|MolecularMixture|NamedThing"
TERFENADINE	"TERFENADINE"	"drug_id"	"ChemicalEntity|ChemicalMixture|Drug|Entity|MolecularMixture|NamedThing"
AMOXICILLIN	"AMOXICILLIN"	"drug_id"	"ChemicalEntity|ChemicalMixture|Drug|Entity|MolecularMixture|NamedThing"
HYDROCORTISONE	"HYDROCORTISONE"	"drug_id"	"ChemicalEntity|ChemicalMixture|Drug|Entity|MolecularMixture|NamedThing"
DILTIAZEM	"DILTIAZEM"	"drug_id"	"ChemicalEntity|ChemicalMixture|Drug|Entity|MolecularMixture|NamedThing"
PREDNISONE	"PREDNISONE"	"drug_id"	"ChemicalEntity|ChemicalMixture|Drug|Entity|MolecularMixture|NamedThing"
TRIAMCINOLONE	"TRIAMCINOLONE"	"drug_id"	"ChemicalEntity|ChemicalMixture|Drug|Entity|MolecularMixture|NamedThing"
METFORMIN	"METFORMIN"	"drug_id"	"ChemicalEntity|ChemicalMixture|Drug|Entity|MolecularMixture|NamedThing"
METYROSINE	"METYROSINE"	"drug_id"	"ChemicalEntity|ChemicalMixture|Drug|Entity|MolecularMixture|NamedThing"
AT9283	"AT9283"	"drug_id"	"ChemicalEntity|ChemicalMixture|Drug|Entity|MolecularMixture|NamedThing"
SIROLIMUS	"SIROLIMUS"	"drug_id"	"ChemicalEntity|ChemicalMixture|Drug|Entity|MolecularMixture|NamedThing"
DACARBAZINE	"DACARBAZINE"	"drug_id"	"ChemicalEntity|ChemicalMixture|Drug|Entity|MolecularMixture|NamedThing"
ARSENIC TRIOXIDE	"ARSENIC TRIOXIDE"	"drug_id"	"ChemicalEntity|ChemicalMixture|Drug|Entity|MolecularMixture|NamedThing"
BACLOFEN	"BACLOFEN"	"drug_id"	"ChemicalEntity|ChemicalMixture|Drug|Entity|MolecularMixture|NamedThing"
TAZAROTENE	"TAZAROTENE"	"drug_id"	"ChemicalEntity|ChemicalMixture|Drug|Entity|MolecularMixture|NamedThing"
ESTRONE	"ESTRONE"	"drug_id"	"ChemicalEntity|ChemicalMixture|Drug|Entity|MolecularMixture|NamedThing"
FLUVOXAMINE	"FLUVOXAMINE"	"drug_id"	"ChemicalEntity|ChemicalMixture|Drug|Entity|MolecularMixture|NamedThing"
BUMETANIDE	"BUMETANIDE"	"drug_id"	"ChemicalEntity|ChemicalMixture|Drug|Entity|MolecularMixture|NamedThing"
BMS 754807	"BMS 754807"	"drug_id"	"ChemicalEntity|ChemicalMixture|Drug|Entity|MolecularMixture|NamedThing"
MOTESANIB	"MOTESANIB"	"drug_id"	"ChemicalEntity|ChemicalMixture|Drug|Entity|MolecularMixture|NamedThing"
CANERTINIB	"CANERTINIB"	"drug_id"	"ChemicalEntity|ChemicalMixture|Drug|Entity|MolecularMixture|NamedThing"
4SC 202	"4SC 202"	"drug_id"	"ChemicalEntity|ChemicalMixture|Drug|Entity|MolecularMixture|NamedThing"
NISOLDIPINE	"NISOLDIPINE"	"drug_id"	"ChemicalEntity|ChemicalMixture|Drug|Entity|MolecularMixture|NamedThing"
CARBIDOPA	"CARBIDOPA"	"drug_id"	"ChemicalEntity|ChemicalMixture|Drug|Entity|MolecularMixture|NamedThing"
LEUCOVORIN	"LEUCOVORIN"	"drug_id"	"ChemicalEntity|ChemicalMixture|Drug|Entity|MolecularMixture|NamedThing"
GRANISETRON	"GRANISETRON"	"drug_id"	"ChemicalEntity|ChemicalMixture|Drug|Entity|MolecularMixture|NamedThing"
INTERFERON BETA 1B	"INTERFERON BETA 1B"	"drug_id"	"ChemicalEntity|ChemicalMixture|Drug|Entity|MolecularMixture|NamedThing"
CLONAZEPAM	"CLONAZEPAM"	"drug_id"	"ChemicalEntity|ChemicalMixture|Drug|Entity|MolecularMixture|NamedThing"
ROSIGLITAZONE	"ROSIGLITAZONE"	"drug_id"	"ChemicalEntity|ChemicalMixture|Drug|Entity|MolecularMixture|NamedThing"
PALIFERMIN	"PALIFERMIN"	"drug_id"	"ChemicalEntity|ChemicalMixture|Drug|Entity|MolecularMixture|NamedThing"
XL999	"XL999"	"drug_id"	"ChemicalEntity|ChemicalMixture|Drug|Entity|MolecularMixture|NamedThing"
XL765	"XL765"	"drug_id"	"ChemicalEntity|ChemicalMixture|Drug|Entity|MolecularMixture|NamedThing"
ZIPRASIDONE	"ZIPRASIDONE"	"drug_id"	"ChemicalEntity|ChemicalMixture|Drug|Entity|MolecularMixture|NamedThing"
CILOSTAZOL	"CILOSTAZOL"	"drug_id"	"ChemicalEntity|ChemicalMixture|Drug|Entity|MolecularMixture|NamedThing"
PRAZOSIN	"PRAZOSIN"	"drug_id"	"ChemicalEntity|ChemicalMixture|Drug|Entity|MolecularMixture|NamedThing"
IPRATROPIUM	"IPRATROPIUM"	"drug_id"	"ChemicalEntity|ChemicalMixture|Drug|Entity|MolecularMixture|NamedThing"
ORPHENADRINE	"ORPHENADRINE"	"drug_id"	"ChemicalEntity|ChemicalMixture|Drug|Entity|MolecularMixture|NamedThing"
CODEINE	"CODEINE"	"drug_id"	"ChemicalEntity|ChemicalMixture|Drug|Entity|MolecularMixture|NamedThing"
CHENODIOL	"CHENODIOL"	"drug_id"	"ChemicalEntity|ChemicalMixture|Drug|Entity|MolecularMixture|NamedThing"
ADAPALENE	"ADAPALENE"	"drug_id"	"ChemicalEntity|ChemicalMixture|Drug|Entity|MolecularMixture|NamedThing"
TRIFLUPROMAZINE	"TRIFLUPROMAZINE"	"drug_id"	"ChemicalEntity|ChemicalMixture|Drug|Entity|MolecularMixture|NamedThing"
FLOXURIDINE	"FLOXURIDINE"	"drug_id"	"ChemicalEntity|ChemicalMixture|Drug|Entity|MolecularMixture|NamedThing"
SELICICLIB	"SELICICLIB"	"drug_id"	"ChemicalEntity|ChemicalMixture|Drug|Entity|MolecularMixture|NamedThing"
OMEPRAZOLE	"OMEPRAZOLE"	"drug_id"	"ChemicalEntity|ChemicalMixture|Drug|Entity|MolecularMixture|NamedThing"
CEP 11981	"CEP 11981"	"drug_id"	"ChemicalEntity|ChemicalMixture|Drug|Entity|MolecularMixture|NamedThing"
MENADIONE	"MENADIONE"	"drug_id"	"ChemicalEntity|ChemicalMixture|Drug|Entity|MolecularMixture|NamedThing"
LENVATINIB	"LENVATINIB"	"drug_id"	"ChemicalEntity|ChemicalMixture|Drug|Entity|MolecularMixture|NamedThing"
LEVOTHYROXINE	"LEVOTHYROXINE"	"drug_id"	"ChemicalEntity|ChemicalMixture|Drug|Entity|MolecularMixture|NamedThing"
BRYOSTATIN	"BRYOSTATIN"	"drug_id"	"ChemicalEntity|ChemicalMixture|Drug|Entity|MolecularMixture|NamedThing"
ZILEUTON	"ZILEUTON"	"drug_id"	"ChemicalEntity|ChemicalMixture|Drug|Entity|MolecularMixture|NamedThing"
ACETAMINOPHEN	"ACETAMINOPHEN"	"drug_id"	"ChemicalEntity|ChemicalMixture|Drug|Entity|MolecularMixture|NamedThing"
FENOFIBRATE	"FENOFIBRATE"	"drug_id"	"ChemicalEntity|ChemicalMixture|Drug|Entity|MolecularMixture|NamedThing"
BINIMETINIB	"BINIMETINIB"	"drug_id"	"ChemicalEntity|ChemicalMixture|Drug|Entity|MolecularMixture|NamedThing"
ERDAFITINIB	"ERDAFITINIB"	"drug_id"	"ChemicalEntity|ChemicalMixture|Drug|Entity|MolecularMixture|NamedThing"
WARFARIN	"WARFARIN"	"drug_id"	"ChemicalEntity|ChemicalMixture|Drug|Entity|MolecularMixture|NamedThing"
GEDATOLISIB	"GEDATOLISIB"	"drug_id"	"ChemicalEntity|ChemicalMixture|Drug|Entity|MolecularMixture|NamedThing"
AZD6244	"AZD6244"	"drug_id"	"ChemicalEntity|ChemicalMixture|Drug|Entity|MolecularMixture|NamedThing"
GDC 0941	"GDC 0941"	"drug_id"	"ChemicalEntity|ChemicalMixture|Drug|Entity|MolecularMixture|NamedThing"
TENIPOSIDE	"TENIPOSIDE"	"drug_id"	"ChemicalEntity|ChemicalMixture|Drug|Entity|MolecularMixture|NamedThing"
ERLOTINIB	"ERLOTINIB"	"drug_id"	"ChemicalEntity|ChemicalMixture|Drug|Entity|MolecularMixture|NamedThing"
XL147	"XL147"	"drug_id"	"ChemicalEntity|ChemicalMixture|Drug|Entity|MolecularMixture|NamedThing"
CAPTOPRIL	"CAPTOPRIL"	"drug_id"	"ChemicalEntity|ChemicalMixture|Drug|Entity|MolecularMixture|NamedThing"
OXALIPLATIN	"OXALIPLATIN"	"drug_id"	"ChemicalEntity|ChemicalMixture|Drug|Entity|MolecularMixture|NamedThing"
MK 2461	"MK 2461"	"drug_id"	"ChemicalEntity|ChemicalMixture|Drug|Entity|MolecularMixture|NamedThing"
BARASERTIB	"BARASERTIB"	"drug_id"	"ChemicalEntity|ChemicalMixture|Drug|Entity|MolecularMixture|NamedThing"
PONATINIB	"PONATINIB"	"drug_id"	"ChemicalEntity|ChemicalMixture|Drug|Entity|MolecularMixture|NamedThing"
LOXAPINE	"LOXAPINE"	"drug_id"	"ChemicalEntity|ChemicalMixture|Drug|Entity|MolecularMixture|NamedThing"
LOVASTATIN	"LOVASTATIN"	"drug_id"	"ChemicalEntity|ChemicalMixture|Drug|Entity|MolecularMixture|NamedThing"
TRICHLORMETHIAZIDE	"TRICHLORMETHIAZIDE"	"drug_id"	"ChemicalEntity|ChemicalMixture|Drug|Entity|MolecularMixture|NamedThing"
FLUTAMIDE	"FLUTAMIDE"	"drug_id"	"ChemicalEntity|ChemicalMixture|Drug|Entity|MolecularMixture|NamedThing"
ENALAPRIL	"ENALAPRIL"	"drug_id"	"ChemicalEntity|ChemicalMixture|Drug|Entity|MolecularMixture|NamedThing"
QUERCETIN	"QUERCETIN"	"drug_id"	"ChemicalEntity|ChemicalMixture|Drug|Entity|MolecularMixture|NamedThing"
VERAPAMIL	"VERAPAMIL"	"drug_id"	"ChemicalEntity|ChemicalMixture|Drug|Entity|MolecularMixture|NamedThing"
FENTANYL	"FENTANYL"	"drug_id"	"ChemicalEntity|ChemicalMixture|Drug|Entity|MolecularMixture|NamedThing"
CAFFEINE	"CAFFEINE"	"drug_id"	"ChemicalEntity|ChemicalMixture|Drug|Entity|MolecularMixture|NamedThing"
SULINDAC	"SULINDAC"	"drug_id"	"ChemicalEntity|ChemicalMixture|Drug|Entity|MolecularMixture|NamedThing"
MIDAZOLAM	"MIDAZOLAM"	"drug_id"	"ChemicalEntity|ChemicalMixture|Drug|Entity|MolecularMixture|NamedThing"
GOSSYPOL	"GOSSYPOL"	"drug_id"	"ChemicalEntity|ChemicalMixture|Drug|Entity|MolecularMixture|NamedThing"
LANSOPRAZOLE	"LANSOPRAZOLE"	"drug_id"	"ChemicalEntity|ChemicalMixture|Drug|Entity|MolecularMixture|NamedThing"
METHADONE	"METHADONE"	"drug_id"	"ChemicalEntity|ChemicalMixture|Drug|Entity|MolecularMixture|NamedThing"
INTERFERON BETA 1A	"INTERFERON BETA 1A"	"drug_id"	"ChemicalEntity|ChemicalMixture|Drug|Entity|MolecularMixture|NamedThing"
CYCLOPHOSPHAMIDE	"CYCLOPHOSPHAMIDE"	"drug_id"	"ChemicalEntity|ChemicalMixture|Drug|Entity|MolecularMixture|NamedThing"
LIDOCAINE	"LIDOCAINE"	"drug_id"	"ChemicalEntity|ChemicalMixture|Drug|Entity|MolecularMixture|NamedThing"
MEFENAMIC ACID	"MEFENAMIC ACID"	"drug_id"	"ChemicalEntity|ChemicalMixture|Drug|Entity|MolecularMixture|NamedThing"
DIPYRIDAMOLE	"DIPYRIDAMOLE"	"drug_id"	"ChemicalEntity|ChemicalMixture|Drug|Entity|MolecularMixture|NamedThing"
MYCOPHENOLATE MOFETIL	"MYCOPHENOLATE MOFETIL"	"drug_id"	"ChemicalEntity|ChemicalMixture|Drug|Entity|MolecularMixture|NamedThing"
VENLAFAXINE	"VENLAFAXINE"	"drug_id"	"ChemicalEntity|ChemicalMixture|Drug|Entity|MolecularMixture|NamedThing"
FLUOXETINE	"FLUOXETINE"	"drug_id"	"ChemicalEntity|ChemicalMixture|Drug|Entity|MolecularMixture|NamedThing"
BUPARLISIB	"BUPARLISIB"	"drug_id"	"ChemicalEntity|ChemicalMixture|Drug|Entity|MolecularMixture|NamedThing"
XL647	"XL647"	"drug_id"	"ChemicalEntity|ChemicalMixture|Drug|Entity|MolecularMixture|NamedThing"
ABIRATERONE	"ABIRATERONE"	"drug_id"	"ChemicalEntity|ChemicalMixture|Drug|Entity|MolecularMixture|NamedThing"
ARIPIPRAZOLE	"ARIPIPRAZOLE"	"drug_id"	"ChemicalEntity|ChemicalMixture|Drug|Entity|MolecularMixture|NamedThing"
ACARBOSE	"ACARBOSE"	"drug_id"	"ChemicalEntity|ChemicalMixture|Drug|Entity|MolecularMixture|NamedThing"
BIFEPRUNOX	"BIFEPRUNOX"	"drug_id"	"ChemicalEntity|ChemicalMixture|Drug|Entity|MolecularMixture|NamedThing"
ATENOLOL	"ATENOLOL"	"drug_id"	"ChemicalEntity|ChemicalMixture|Drug|Entity|MolecularMixture|NamedThing"
ESTRADIOL	"ESTRADIOL"	"drug_id"	"ChemicalEntity|ChemicalMixture|Drug|Entity|MolecularMixture|NamedThing"
BRIMONIDINE	"BRIMONIDINE"	"drug_id"	"ChemicalEntity|ChemicalMixture|Drug|Entity|MolecularMixture|NamedThing"
CYCLOSPORINE	"CYCLOSPORINE"	"drug_id"	"ChemicalEntity|ChemicalMixture|Drug|Entity|MolecularMixture|NamedThing"
PROPYLTHIOURACIL	"PROPYLTHIOURACIL"	"drug_id"	"ChemicalEntity|ChemicalMixture|Drug|Entity|MolecularMixture|NamedThing"
DOLASETRON	"DOLASETRON"	"drug_id"	"ChemicalEntity|ChemicalMixture|Drug|Entity|MolecularMixture|NamedThing"
DISULFIRAM	"DISULFIRAM"	"drug_id"	"ChemicalEntity|ChemicalMixture|Drug|Entity|MolecularMixture|NamedThing"
OXYMETHOLONE	"OXYMETHOLONE"	"drug_id"	"ChemicalEntity|ChemicalMixture|Drug|Entity|MolecularMixture|NamedThing"
GLIMEPIRIDE	"GLIMEPIRIDE"	"drug_id"	"ChemicalEntity|ChemicalMixture|Drug|Entity|MolecularMixture|NamedThing"
DULOXETINE	"DULOXETINE"	"drug_id"	"ChemicalEntity|ChemicalMixture|Drug|Entity|MolecularMixture|NamedThing"
EPINEPHRINE	"EPINEPHRINE"	"drug_id"	"ChemicalEntity|ChemicalMixture|Drug|Entity|MolecularMixture|NamedThing"
BEPRIDIL	"BEPRIDIL"	"drug_id"	"ChemicalEntity|ChemicalMixture|Drug|Entity|MolecularMixture|NamedThing"
FLUDARABINE	"FLUDARABINE"	"drug_id"	"ChemicalEntity|ChemicalMixture|Drug|Entity|MolecularMixture|NamedThing"
LESTAURTINIB	"LESTAURTINIB"	"drug_id"	"ChemicalEntity|ChemicalMixture|Drug|Entity|MolecularMixture|NamedThing"
PROMETHAZINE	"PROMETHAZINE"	"drug_id"	"ChemicalEntity|ChemicalMixture|Drug|Entity|MolecularMixture|NamedThing"
PROMAZINE	"PROMAZINE"	"drug_id"	"ChemicalEntity|ChemicalMixture|Drug|Entity|MolecularMixture|NamedThing"
BETHANIDINE	"BETHANIDINE"	"drug_id"	"ChemicalEntity|ChemicalMixture|Drug|Entity|MolecularMixture|NamedThing"
ALFUZOSIN	"ALFUZOSIN"	"drug_id"	"ChemicalEntity|ChemicalMixture|Drug|Entity|MolecularMixture|NamedThing"
CALCITRIOL	"CALCITRIOL"	"drug_id"	"ChemicalEntity|ChemicalMixture|Drug|Entity|MolecularMixture|NamedThing"
ORLISTAT	"ORLISTAT"	"drug_id"	"ChemicalEntity|ChemicalMixture|Drug|Entity|MolecularMixture|NamedThing"
BECLOMETHASONE	"BECLOMETHASONE"	"drug_id"	"ChemicalEntity|ChemicalMixture|Drug|Entity|MolecularMixture|NamedThing"
LORLATINIB	"LORLATINIB"	"drug_id"	"ChemicalEntity|ChemicalMixture|Drug|Entity|MolecularMixture|NamedThing"
GEMTUZUMAB OZOGAMICIN	"GEMTUZUMAB OZOGAMICIN"	"drug_id"	"ChemicalEntity|ChemicalMixture|Drug|Entity|MolecularMixture|NamedThing"
DOFETILIDE	"DOFETILIDE"	"drug_id"	"ChemicalEntity|ChemicalMixture|Drug|Entity|MolecularMixture|NamedThing"
ISOPROTERENOL	"ISOPROTERENOL"	"drug_id"	"ChemicalEntity|ChemicalMixture|Drug|Entity|MolecularMixture|NamedThing"
PEMETREXED	"PEMETREXED"	"drug_id"	"ChemicalEntity|ChemicalMixture|Drug|Entity|MolecularMixture|NamedThing"
AMILORIDE	"AMILORIDE"	"drug_id"	"ChemicalEntity|ChemicalMixture|Drug|Entity|MolecularMixture|NamedThing"
REPAGLINIDE	"REPAGLINIDE"	"drug_id"	"ChemicalEntity|ChemicalMixture|Drug|Entity|MolecularMixture|NamedThing"
IBUDILAST	"IBUDILAST"	"drug_id"	"ChemicalEntity|ChemicalMixture|Drug|Entity|MolecularMixture|NamedThing"
CAPSAICIN	"CAPSAICIN"	"drug_id"	"ChemicalEntity|ChemicalMixture|Drug|Entity|MolecularMixture|NamedThing"
TRIFLUOPERAZINE	"TRIFLUOPERAZINE"	"drug_id"	"ChemicalEntity|ChemicalMixture|Drug|Entity|MolecularMixture|NamedThing"
VINBLASTINE	"VINBLASTINE"	"drug_id"	"ChemicalEntity|ChemicalMixture|Drug|Entity|MolecularMixture|NamedThing"
E 3810	"E 3810"	"drug_id"	"ChemicalEntity|ChemicalMixture|Drug|Entity|MolecularMixture|NamedThing"
GDC 0973	"GDC 0973"	"drug_id"	"ChemicalEntity|ChemicalMixture|Drug|Entity|MolecularMixture|NamedThing"
PALIPERIDONE	"PALIPERIDONE"	"drug_id"	"ChemicalEntity|ChemicalMixture|Drug|Entity|MolecularMixture|NamedThing"
IUPHAR.LIGAND:56	"IUPHAR.LIGAND:56"	"drug_id"	"ChemicalEntity|ChemicalMixture|Drug|Entity|MolecularMixture|NamedThing"
TIVOZANIB	"TIVOZANIB"	"drug_id"	"ChemicalEntity|ChemicalMixture|Drug|Entity|MolecularMixture|NamedThing"
CLOFARABINE	"CLOFARABINE"	"drug_id"	"ChemicalEntity|ChemicalMixture|Drug|Entity|MolecularMixture|NamedThing"
PROGESTERONE	"PROGESTERONE"	"drug_id"	"ChemicalEntity|ChemicalMixture|Drug|Entity|MolecularMixture|NamedThing"
SULFASALAZINE	"SULFASALAZINE"	"drug_id"	"ChemicalEntity|ChemicalMixture|Drug|Entity|MolecularMixture|NamedThing"
TREMELIMUMAB	"TREMELIMUMAB"	"drug_id"	"ChemicalEntity|ChemicalMixture|Drug|Entity|MolecularMixture|NamedThing"
CLOFIBRATE	"CLOFIBRATE"	"drug_id"	"ChemicalEntity|ChemicalMixture|Drug|Entity|MolecularMixture|NamedThing"
PIMASERTIB	"PIMASERTIB"	"drug_id"	"ChemicalEntity|ChemicalMixture|Drug|Entity|MolecularMixture|NamedThing"
LEVOSIMENDAN	"LEVOSIMENDAN"	"drug_id"	"ChemicalEntity|ChemicalMixture|Drug|Entity|MolecularMixture|NamedThing"
TACROLIMUS	"TACROLIMUS"	"drug_id"	"ChemicalEntity|ChemicalMixture|Drug|Entity|MolecularMixture|NamedThing"
DICYCLOMINE	"DICYCLOMINE"	"drug_id"	"ChemicalEntity|ChemicalMixture|Drug|Entity|MolecularMixture|NamedThing"
TRIMIPRAMINE	"TRIMIPRAMINE"	"drug_id"	"ChemicalEntity|ChemicalMixture|Drug|Entity|MolecularMixture|NamedThing"
ALTIRATINIB	"ALTIRATINIB"	"drug_id"	"ChemicalEntity|ChemicalMixture|Drug|Entity|MolecularMixture|NamedThing"
SGI 1776	"SGI 1776"	"drug_id"	"ChemicalEntity|ChemicalMixture|Drug|Entity|MolecularMixture|NamedThing"
BRIGATINIB	"BRIGATINIB"	"drug_id"	"ChemicalEntity|ChemicalMixture|Drug|Entity|MolecularMixture|NamedThing"
NORGESTREL	"NORGESTREL"	"drug_id"	"ChemicalEntity|ChemicalMixture|Drug|Entity|MolecularMixture|NamedThing"
PLX4720	"PLX4720"	"drug_id"	"ChemicalEntity|ChemicalMixture|Drug|Entity|MolecularMixture|NamedThing"
TEMSIROLIMUS	"TEMSIROLIMUS"	"drug_id"	"ChemicalEntity|ChemicalMixture|Drug|Entity|MolecularMixture|NamedThing"
BUSPIRONE	"BUSPIRONE"	"drug_id"	"ChemicalEntity|ChemicalMixture|Drug|Entity|MolecularMixture|NamedThing"
NALOXONE	"NALOXONE"	"drug_id"	"ChemicalEntity|ChemicalMixture|Drug|Entity|MolecularMixture|NamedThing"
PHENTOLAMINE	"PHENTOLAMINE"	"drug_id"	"ChemicalEntity|ChemicalMixture|Drug|Entity|MolecularMixture|NamedThing"
TELMISARTAN	"TELMISARTAN"	"drug_id"	"ChemicalEntity|ChemicalMixture|Drug|Entity|MolecularMixture|NamedThing"
CHLOROTRIANISENE	"CHLOROTRIANISENE"	"drug_id"	"ChemicalEntity|ChemicalMixture|Drug|Entity|MolecularMixture|NamedThing"
SALIRASIB	"SALIRASIB"	"drug_id"	"ChemicalEntity|ChemicalMixture|Drug|Entity|MolecularMixture|NamedThing"
AG1295	"AG1295"	"drug_id"	"ChemicalEntity|ChemicalMixture|Drug|Entity|MolecularMixture|NamedThing"
DABIGATRAN	"DABIGATRAN"	"drug_id"	"ChemicalEntity|ChemicalMixture|Drug|Entity|MolecularMixture|NamedThing"
BEVACIZUMAB	"BEVACIZUMAB"	"drug_id"	"ChemicalEntity|ChemicalMixture|Drug|Entity|MolecularMixture|NamedThing"
NALTREXONE	"NALTREXONE"	"drug_id"	"ChemicalEntity|ChemicalMixture|Drug|Entity|MolecularMixture|NamedThing"
BUDESONIDE	"BUDESONIDE"	"drug_id"	"ChemicalEntity|ChemicalMixture|Drug|Entity|MolecularMixture|NamedThing"
CHOLECALCIFEROL	"CHOLECALCIFEROL"	"drug_id"	"ChemicalEntity|ChemicalMixture|Drug|Entity|MolecularMixture|NamedThing"
9 AMINOCAMPTOTHECIN	"9 AMINOCAMPTOTHECIN"	"drug_id"	"ChemicalEntity|ChemicalMixture|Drug|Entity|MolecularMixture|NamedThing"
ZOLEDRONATE	"ZOLEDRONATE"	"drug_id"	"ChemicalEntity|ChemicalMixture|Drug|Entity|MolecularMixture|NamedThing"
PX 866	"PX 866"	"drug_id"	"ChemicalEntity|ChemicalMixture|Drug|Entity|MolecularMixture|NamedThing"
DEXTROMETHORPHAN	"DEXTROMETHORPHAN"	"drug_id"	"ChemicalEntity|ChemicalMixture|Drug|Entity|MolecularMixture|NamedThing"
ETHINYL ESTRADIOL	"ETHINYL ESTRADIOL"	"drug_id"	"ChemicalEntity|ChemicalMixture|Drug|Entity|MolecularMixture|NamedThing"
HYDROCHLOROTHIAZIDE	"HYDROCHLOROTHIAZIDE"	"drug_id"	"ChemicalEntity|ChemicalMixture|Drug|Entity|MolecularMixture|NamedThing"
AMIODARONE	"AMIODARONE"	"drug_id"	"ChemicalEntity|ChemicalMixture|Drug|Entity|MolecularMixture|NamedThing"
EPOTHILONE D	"EPOTHILONE D"	"drug_id"	"ChemicalEntity|ChemicalMixture|Drug|Entity|MolecularMixture|NamedThing"
FENOLDOPAM	"FENOLDOPAM"	"drug_id"	"ChemicalEntity|ChemicalMixture|Drug|Entity|MolecularMixture|NamedThing"
PIMOZIDE	"PIMOZIDE"	"drug_id"	"ChemicalEntity|ChemicalMixture|Drug|Entity|MolecularMixture|NamedThing"
CYPROTERONE	"CYPROTERONE"	"drug_id"	"ChemicalEntity|ChemicalMixture|Drug|Entity|MolecularMixture|NamedThing"
AMOXAPINE	"AMOXAPINE"	"drug_id"	"ChemicalEntity|ChemicalMixture|Drug|Entity|MolecularMixture|NamedThing"
GANETESPIB	"GANETESPIB"	"drug_id"	"ChemicalEntity|ChemicalMixture|Drug|Entity|MolecularMixture|NamedThing"
ACETYLDIGITOXIN	"ACETYLDIGITOXIN"	"drug_id"	"ChemicalEntity|ChemicalMixture|Drug|Entity|MolecularMixture|NamedThing"
HYDROQUINONE	"HYDROQUINONE"	"drug_id"	"ChemicalEntity|ChemicalMixture|Drug|Entity|MolecularMixture|NamedThing"
LEUPROLIDE	"LEUPROLIDE"	"drug_id"	"ChemicalEntity|ChemicalMixture|Drug|Entity|MolecularMixture|NamedThing"
DORLIMOMAB ARITOX	"DORLIMOMAB ARITOX"	"drug_id"	"ChemicalEntity|ChemicalMixture|Drug|Entity|MolecularMixture|NamedThing"
DALFAMPRIDINE	"DALFAMPRIDINE"	"drug_id"	"ChemicalEntity|ChemicalMixture|Drug|Entity|MolecularMixture|NamedThing"
ZIDOVUDINE	"ZIDOVUDINE"	"drug_id"	"ChemicalEntity|ChemicalMixture|Drug|Entity|MolecularMixture|NamedThing"
GLUCAGON	"GLUCAGON"	"drug_id"	"ChemicalEntity|ChemicalMixture|Drug|Entity|MolecularMixture|NamedThing"
TOPIRAMATE	"TOPIRAMATE"	"drug_id"	"ChemicalEntity|ChemicalMixture|Drug|Entity|MolecularMixture|NamedThing"
ENTINOSTAT	"ENTINOSTAT"	"drug_id"	"ChemicalEntity|ChemicalMixture|Drug|Entity|MolecularMixture|NamedThing"
TEDATIOXETINE	"TEDATIOXETINE"	"drug_id"	"ChemicalEntity|ChemicalMixture|Drug|Entity|MolecularMixture|NamedThing"
IUPHAR.LIGAND:1713	"IUPHAR.LIGAND:1713"	"drug_id"	"ChemicalEntity|ChemicalMixture|Drug|Entity|MolecularMixture|NamedThing"
GILTERITINIB	"GILTERITINIB"	"drug_id"	"ChemicalEntity|ChemicalMixture|Drug|Entity|MolecularMixture|NamedThing"
DANTROLENE	"DANTROLENE"	"drug_id"	"ChemicalEntity|ChemicalMixture|Drug|Entity|MolecularMixture|NamedThing"
CURCUMIN	"CURCUMIN"	"drug_id"	"ChemicalEntity|ChemicalMixture|Drug|Entity|MolecularMixture|NamedThing"
BROMOCRIPTINE	"BROMOCRIPTINE"	"drug_id"	"ChemicalEntity|ChemicalMixture|Drug|Entity|MolecularMixture|NamedThing"
VS 5584	"VS 5584"	"drug_id"	"ChemicalEntity|ChemicalMixture|Drug|Entity|MolecularMixture|NamedThing"
GABOXADOL	"GABOXADOL"	"drug_id"	"ChemicalEntity|ChemicalMixture|Drug|Entity|MolecularMixture|NamedThing"
PEGINTERFERON ALFA 2A	"PEGINTERFERON ALFA 2A"	"drug_id"	"ChemicalEntity|ChemicalMixture|Drug|Entity|MolecularMixture|NamedThing"
PRIMIDONE	"PRIMIDONE"	"drug_id"	"ChemicalEntity|ChemicalMixture|Drug|Entity|MolecularMixture|NamedThing"
PF 06263507	"PF 06263507"	"drug_id"	"ChemicalEntity|ChemicalMixture|Drug|Entity|MolecularMixture|NamedThing"
MESTRANOL	"MESTRANOL"	"drug_id"	"ChemicalEntity|ChemicalMixture|Drug|Entity|MolecularMixture|NamedThing"
SARACATINIB	"SARACATINIB"	"drug_id"	"ChemicalEntity|ChemicalMixture|Drug|Entity|MolecularMixture|NamedThing"
GALLAMINE TRIETHIODIDE	"GALLAMINE TRIETHIODIDE"	"drug_id"	"ChemicalEntity|ChemicalMixture|Drug|Entity|MolecularMixture|NamedThing"
DESLANOSIDE	"DESLANOSIDE"	"drug_id"	"ChemicalEntity|ChemicalMixture|Drug|Entity|MolecularMixture|NamedThing"
MOTEXAFIN GADOLINIUM	"MOTEXAFIN GADOLINIUM"	"drug_id"	"ChemicalEntity|ChemicalMixture|Drug|Entity|MolecularMixture|NamedThing"
ATALUREN	"ATALUREN"	"drug_id"	"ChemicalEntity|ChemicalMixture|Drug|Entity|MolecularMixture|NamedThing"
DOLASTATIN 10	"DOLASTATIN 10"	"drug_id"	"ChemicalEntity|ChemicalMixture|Drug|Entity|MolecularMixture|NamedThing"
AGS 16C3F	"AGS 16C3F"	"drug_id"	"ChemicalEntity|ChemicalMixture|Drug|Entity|MolecularMixture|NamedThing"
ENOXIMONE	"ENOXIMONE"	"drug_id"	"ChemicalEntity|ChemicalMixture|Drug|Entity|MolecularMixture|NamedThing"
BAY1000394	"BAY1000394"	"drug_id"	"ChemicalEntity|ChemicalMixture|Drug|Entity|MolecularMixture|NamedThing"
CHLOROXINE	"CHLOROXINE"	"drug_id"	"ChemicalEntity|ChemicalMixture|Drug|Entity|MolecularMixture|NamedThing"
PAPAVERINE	"PAPAVERINE"	"drug_id"	"ChemicalEntity|ChemicalMixture|Drug|Entity|MolecularMixture|NamedThing"
SOTRASTAURIN	"SOTRASTAURIN"	"drug_id"	"ChemicalEntity|ChemicalMixture|Drug|Entity|MolecularMixture|NamedThing"
PROTRIPTYLINE	"PROTRIPTYLINE"	"drug_id"	"ChemicalEntity|ChemicalMixture|Drug|Entity|MolecularMixture|NamedThing"
MLN 8054	"MLN 8054"	"drug_id"	"ChemicalEntity|ChemicalMixture|Drug|Entity|MolecularMixture|NamedThing"
ACITRETIN	"ACITRETIN"	"drug_id"	"ChemicalEntity|ChemicalMixture|Drug|Entity|MolecularMixture|NamedThing"
OUABAIN	"OUABAIN"	"drug_id"	"ChemicalEntity|ChemicalMixture|Drug|Entity|MolecularMixture|NamedThing"
WORTMANNIN	"WORTMANNIN"	"drug_id"	"ChemicalEntity|ChemicalMixture|Drug|Entity|MolecularMixture|NamedThing"
PIROXICAM	"PIROXICAM"	"drug_id"	"ChemicalEntity|ChemicalMixture|Drug|Entity|MolecularMixture|NamedThing"
SELEGILINE	"SELEGILINE"	"drug_id"	"ChemicalEntity|ChemicalMixture|Drug|Entity|MolecularMixture|NamedThing"
PYRIDOSTIGMINE	"PYRIDOSTIGMINE"	"drug_id"	"ChemicalEntity|ChemicalMixture|Drug|Entity|MolecularMixture|NamedThing"
EFAVIRENZ	"EFAVIRENZ"	"drug_id"	"ChemicalEntity|ChemicalMixture|Drug|Entity|MolecularMixture|NamedThing"
MASITINIB	"MASITINIB"	"drug_id"	"ChemicalEntity|ChemicalMixture|Drug|Entity|MolecularMixture|NamedThing"
BAY80 6946	"BAY80 6946"	"drug_id"	"ChemicalEntity|ChemicalMixture|Drug|Entity|MolecularMixture|NamedThing"
OSI 027	"OSI 027"	"drug_id"	"ChemicalEntity|ChemicalMixture|Drug|Entity|MolecularMixture|NamedThing"
AMINOGLUTETHIMIDE	"AMINOGLUTETHIMIDE"	"drug_id"	"ChemicalEntity|ChemicalMixture|Drug|Entity|MolecularMixture|NamedThing"
TRIMETHOPRIM	"TRIMETHOPRIM"	"drug_id"	"ChemicalEntity|ChemicalMixture|Drug|Entity|MolecularMixture|NamedThing"
VASOPRESSIN	"VASOPRESSIN"	"drug_id"	"ChemicalEntity|ChemicalMixture|Drug|Entity|MolecularMixture|NamedThing"
IL 2	"IL 2"	"drug_id"	"ChemicalEntity|ChemicalMixture|Drug|Entity|MolecularMixture|NamedThing"
TALAZOPARIB	"TALAZOPARIB"	"drug_id"	"ChemicalEntity|ChemicalMixture|Drug|Entity|MolecularMixture|NamedThing"
EPIRUBICIN	"EPIRUBICIN"	"drug_id"	"ChemicalEntity|ChemicalMixture|Drug|Entity|MolecularMixture|NamedThing"
BUPROPION	"BUPROPION"	"drug_id"	"ChemicalEntity|ChemicalMixture|Drug|Entity|MolecularMixture|NamedThing"
CAPIVASERTIB	"CAPIVASERTIB"	"drug_id"	"ChemicalEntity|ChemicalMixture|Drug|Entity|MolecularMixture|NamedThing"
RITONAVIR	"RITONAVIR"	"drug_id"	"ChemicalEntity|ChemicalMixture|Drug|Entity|MolecularMixture|NamedThing"
BEXAROTENE	"BEXAROTENE"	"drug_id"	"ChemicalEntity|ChemicalMixture|Drug|Entity|MolecularMixture|NamedThing"
NALBUPHINE	"NALBUPHINE"	"drug_id"	"ChemicalEntity|ChemicalMixture|Drug|Entity|MolecularMixture|NamedThing"
MIFEPRISTONE	"MIFEPRISTONE"	"drug_id"	"ChemicalEntity|ChemicalMixture|Drug|Entity|MolecularMixture|NamedThing"
COCAINE	"COCAINE"	"drug_id"	"ChemicalEntity|ChemicalMixture|Drug|Entity|MolecularMixture|NamedThing"
FLUNARIZINE	"FLUNARIZINE"	"drug_id"	"ChemicalEntity|ChemicalMixture|Drug|Entity|MolecularMixture|NamedThing"
MIANSERIN	"MIANSERIN"	"drug_id"	"ChemicalEntity|ChemicalMixture|Drug|Entity|MolecularMixture|NamedThing"
METHYLERGONOVINE	"METHYLERGONOVINE"	"drug_id"	"ChemicalEntity|ChemicalMixture|Drug|Entity|MolecularMixture|NamedThing"
ARI 3037MO	"ARI 3037MO"	"drug_id"	"ChemicalEntity|ChemicalMixture|Drug|Entity|MolecularMixture|NamedThing"
ESTRADIOL BENZOATE	"ESTRADIOL BENZOATE"	"drug_id"	"ChemicalEntity|ChemicalMixture|Drug|Entity|MolecularMixture|NamedThing"
TOFACITINIB	"TOFACITINIB"	"drug_id"	"ChemicalEntity|ChemicalMixture|Drug|Entity|MolecularMixture|NamedThing"
RADIOTHERAPY	"RADIOTHERAPY"	"drug_id"	"ChemicalEntity|ChemicalMixture|Drug|Entity|MolecularMixture|NamedThing"
PI 103	"PI 103"	"drug_id"	"ChemicalEntity|ChemicalMixture|Drug|Entity|MolecularMixture|NamedThing"
ANG1005	"ANG1005"	"drug_id"	"ChemicalEntity|ChemicalMixture|Drug|Entity|MolecularMixture|NamedThing"
ILORASERTIB	"ILORASERTIB"	"drug_id"	"ChemicalEntity|ChemicalMixture|Drug|Entity|MolecularMixture|NamedThing"
AMUVATINIB	"AMUVATINIB"	"drug_id"	"ChemicalEntity|ChemicalMixture|Drug|Entity|MolecularMixture|NamedThing"
THIORIDAZINE	"THIORIDAZINE"	"drug_id"	"ChemicalEntity|ChemicalMixture|Drug|Entity|MolecularMixture|NamedThing"
NATEGLINIDE	"NATEGLINIDE"	"drug_id"	"ChemicalEntity|ChemicalMixture|Drug|Entity|MolecularMixture|NamedThing"
PSEUDOEPHEDRINE	"PSEUDOEPHEDRINE"	"drug_id"	"ChemicalEntity|ChemicalMixture|Drug|Entity|MolecularMixture|NamedThing"
IUPHAR.LIGAND:14	"IUPHAR.LIGAND:14"	"drug_id"	"ChemicalEntity|ChemicalMixture|Drug|Entity|MolecularMixture|NamedThing"
HOMATROPINE METHYLBROMIDE	"HOMATROPINE METHYLBROMIDE"	"drug_id"	"ChemicalEntity|ChemicalMixture|Drug|Entity|MolecularMixture|NamedThing"
UROKINASE	"UROKINASE"	"drug_id"	"ChemicalEntity|ChemicalMixture|Drug|Entity|MolecularMixture|NamedThing"
ENFLURANE	"ENFLURANE"	"drug_id"	"ChemicalEntity|ChemicalMixture|Drug|Entity|MolecularMixture|NamedThing"
ISRADIPINE	"ISRADIPINE"	"drug_id"	"ChemicalEntity|ChemicalMixture|Drug|Entity|MolecularMixture|NamedThing"
THIOGUANINE	"THIOGUANINE"	"drug_id"	"ChemicalEntity|ChemicalMixture|Drug|Entity|MolecularMixture|NamedThing"
ALSEROXYLON	"ALSEROXYLON"	"drug_id"	"ChemicalEntity|ChemicalMixture|Drug|Entity|MolecularMixture|NamedThing"
LENALIDOMIDE	"LENALIDOMIDE"	"drug_id"	"ChemicalEntity|ChemicalMixture|Drug|Entity|MolecularMixture|NamedThing"
PROPIOMAZINE	"PROPIOMAZINE"	"drug_id"	"ChemicalEntity|ChemicalMixture|Drug|Entity|MolecularMixture|NamedThing"
RENZAPRIDE	"RENZAPRIDE"	"drug_id"	"ChemicalEntity|ChemicalMixture|Drug|Entity|MolecularMixture|NamedThing"
PD 0325901	"PD 0325901"	"drug_id"	"ChemicalEntity|ChemicalMixture|Drug|Entity|MolecularMixture|NamedThing"
RABEPRAZOLE	"RABEPRAZOLE"	"drug_id"	"ChemicalEntity|ChemicalMixture|Drug|Entity|MolecularMixture|NamedThing"
ALENDRONATE	"ALENDRONATE"	"drug_id"	"ChemicalEntity|ChemicalMixture|Drug|Entity|MolecularMixture|NamedThing"
RALOXIFENE	"RALOXIFENE"	"drug_id"	"ChemicalEntity|ChemicalMixture|Drug|Entity|MolecularMixture|NamedThing"
TERAZOSIN	"TERAZOSIN"	"drug_id"	"ChemicalEntity|ChemicalMixture|Drug|Entity|MolecularMixture|NamedThing"
ZOLPIDEM	"ZOLPIDEM"	"drug_id"	"ChemicalEntity|ChemicalMixture|Drug|Entity|MolecularMixture|NamedThing"
AVELUMAB	"AVELUMAB"	"drug_id"	"ChemicalEntity|ChemicalMixture|Drug|Entity|MolecularMixture|NamedThing"
KETOCONAZOLE	"KETOCONAZOLE"	"drug_id"	"ChemicalEntity|ChemicalMixture|Drug|Entity|MolecularMixture|NamedThing"
FLUPHENAZINE	"FLUPHENAZINE"	"drug_id"	"ChemicalEntity|ChemicalMixture|Drug|Entity|MolecularMixture|NamedThing"
AFIMOXIFENE	"AFIMOXIFENE"	"drug_id"	"ChemicalEntity|ChemicalMixture|Drug|Entity|MolecularMixture|NamedThing"
LAROPIPRANT	"LAROPIPRANT"	"drug_id"	"ChemicalEntity|ChemicalMixture|Drug|Entity|MolecularMixture|NamedThing"
CARBACHOL	"CARBACHOL"	"drug_id"	"ChemicalEntity|ChemicalMixture|Drug|Entity|MolecularMixture|NamedThing"
AMSACRINE	"AMSACRINE"	"drug_id"	"ChemicalEntity|ChemicalMixture|Drug|Entity|MolecularMixture|NamedThing"
BETAMETHASONE	"BETAMETHASONE"	"drug_id"	"ChemicalEntity|ChemicalMixture|Drug|Entity|MolecularMixture|NamedThing"
DAUNORUBICIN	"DAUNORUBICIN"	"drug_id"	"ChemicalEntity|ChemicalMixture|Drug|Entity|MolecularMixture|NamedThing"
DROPERIDOL	"DROPERIDOL"	"drug_id"	"ChemicalEntity|ChemicalMixture|Drug|Entity|MolecularMixture|NamedThing"
PARDOPRUNOX	"PARDOPRUNOX"	"drug_id"	"ChemicalEntity|ChemicalMixture|Drug|Entity|MolecularMixture|NamedThing"
URIDINE	"URIDINE"	"drug_id"	"ChemicalEntity|ChemicalMixture|Drug|Entity|MolecularMixture|NamedThing"
MODAFINIL	"MODAFINIL"	"drug_id"	"ChemicalEntity|ChemicalMixture|Drug|Entity|MolecularMixture|NamedThing"
ROLIPRAM	"ROLIPRAM"	"drug_id"	"ChemicalEntity|ChemicalMixture|Drug|Entity|MolecularMixture|NamedThing"
BMS 690514	"BMS 690514"	"drug_id"	"ChemicalEntity|ChemicalMixture|Drug|Entity|MolecularMixture|NamedThing"
SULFINPYRAZONE	"SULFINPYRAZONE"	"drug_id"	"ChemicalEntity|ChemicalMixture|Drug|Entity|MolecularMixture|NamedThing"
CLONIDINE	"CLONIDINE"	"drug_id"	"ChemicalEntity|ChemicalMixture|Drug|Entity|MolecularMixture|NamedThing"
ENCORAFENIB	"ENCORAFENIB"	"drug_id"	"ChemicalEntity|ChemicalMixture|Drug|Entity|MolecularMixture|NamedThing"
BMS 387032	"BMS 387032"	"drug_id"	"ChemicalEntity|ChemicalMixture|Drug|Entity|MolecularMixture|NamedThing"
IUPHAR.LIGAND:707	"IUPHAR.LIGAND:707"	"drug_id"	"ChemicalEntity|ChemicalMixture|Drug|Entity|MolecularMixture|NamedThing"
IUPHAR.LIGAND:2434	"IUPHAR.LIGAND:2434"	"drug_id"	"ChemicalEntity|ChemicalMixture|Drug|Entity|MolecularMixture|NamedThing"
ISTAROXIME	"ISTAROXIME"	"drug_id"	"ChemicalEntity|ChemicalMixture|Drug|Entity|MolecularMixture|NamedThing"
AMCINONIDE	"AMCINONIDE"	"drug_id"	"ChemicalEntity|ChemicalMixture|Drug|Entity|MolecularMixture|NamedThing"
COLLAGENASE CLOSTRIDIUM HISTOLYTICUM	"COLLAGENASE CLOSTRIDIUM HISTOLYTICUM"	"drug_id"	"ChemicalEntity|ChemicalMixture|Drug|Entity|MolecularMixture|NamedThing"
ABT 751	"ABT 751"	"drug_id"	"ChemicalEntity|ChemicalMixture|Drug|Entity|MolecularMixture|NamedThing"
DORAMAPIMOD	"DORAMAPIMOD"	"drug_id"	"ChemicalEntity|ChemicalMixture|Drug|Entity|MolecularMixture|NamedThing"
OPIOIDS	"OPIOIDS"	"drug_id"	"ChemicalEntity|ChemicalMixture|Drug|Entity|MolecularMixture|NamedThing"
NEFAZODONE	"NEFAZODONE"	"drug_id"	"ChemicalEntity|ChemicalMixture|Drug|Entity|MolecularMixture|NamedThing"
PERHEXILINE	"PERHEXILINE"	"drug_id"	"ChemicalEntity|ChemicalMixture|Drug|Entity|MolecularMixture|NamedThing"
IUPHAR.LIGAND:91	"IUPHAR.LIGAND:91"	"drug_id"	"ChemicalEntity|ChemicalMixture|Drug|Entity|MolecularMixture|NamedThing"
MONTELUKAST	"MONTELUKAST"	"drug_id"	"ChemicalEntity|ChemicalMixture|Drug|Entity|MolecularMixture|NamedThing"
JNJ 26483327	"JNJ 26483327"	"drug_id"	"ChemicalEntity|ChemicalMixture|Drug|Entity|MolecularMixture|NamedThing"
TOSEDOSTAT	"TOSEDOSTAT"	"drug_id"	"ChemicalEntity|ChemicalMixture|Drug|Entity|MolecularMixture|NamedThing"
BICALUTAMIDE	"BICALUTAMIDE"	"drug_id"	"ChemicalEntity|ChemicalMixture|Drug|Entity|MolecularMixture|NamedThing"
